window,date,sse_diag,sse_offdiag,n_pos_obs_diag,n_pos_obs_offdiag,rmse_diag_dense,rmse_offdiag_dense,rmse_diag_union,rmse_offdiag_union,rmse_diag_observed,rmse_offdiag_observed,arm,combined
shift_0520,20240520,53633.549932957874,122.39851723382162,398,112,6.028025667705261,0.007498059621725917,7.85612497212379,0.5268279207925294,11.608516836708096,1.0453917466067002,trmf,0.32644974670346577
shift_0520,20240521,141068.88617855718,169.95771095801874,385,120,9.776253174771707,0.008835502370265019,13.26259276333934,0.6250659017357184,19.1419092927763,1.1900900209578642,trmf,0.4349802343016769
shift_0520,20240522,215842.23069744318,194.10177110481925,396,116,12.092748804273334,0.009442251418398438,16.720896558870262,0.6830745171099902,23.346437375429606,1.2935575480874282,trmf,0.4958097383648437
shift_0520,20240523,353954.13859860285,265.1163119991306,395,124,15.485681352908662,0.011035170202442383,21.594970215343775,0.816162598342076,29.93470271828177,1.4622020291965596,trmf,0.6049120505975709
shift_0520,20240524,489188.49012796837,397.82617081970574,384,128,18.205178283852703,0.013517845732231679,24.605513602916872,1.0258899489485793,35.692133022673936,1.7629568796567179,trmf,0.7266186861690425
shift_0520,20240525,561548.9786054827,408.4125025819457,403,107,19.505210522770316,0.01369652281795672,26.93539448819107,1.1478064670266552,37.32856524352571,1.953698870467704,trmf,0.756159027262749
shift_0520,20240526,614166.4907477467,337.9423042561833,394,84,20.39857736463951,0.012458968608605524,28.297324605934854,1.0526193779986694,39.481618506178,2.0057723374591814,trmf,0.7378128074514834
shift_0520,20240527,851558.6071954519,525.3428316185639,399,120,24.019507191909163,0.015533961212531821,34.438565203166036,1.1711756067627714,46.19774992609722,2.0923328918111235,trmf,0.8933099916115361
shift_0520,20240528,861599.7366316156,517.4863392321492,387,114,24.160704852394293,0.015417368608269281,36.049231809774184,1.1289804669082926,47.18427607380266,2.13057594394417,trmf,0.8926547897960943
shift_0520,20240530,957447.3940085147,558.5204177030198,396,130,25.469140076016128,0.016016969116099296,38.11665255283918,1.17000965483596,49.171093637588044,2.072754424771021,trmf,0.9343113118356337
shift_0520,20240531,1019238.2027187388,673.1840128971609,403,122,26.278142775885495,0.01758440621986332,39.14957249632134,1.272097008971234,50.290427060153824,2.3490214441461994,trmf,0.9940647625882671
shift_0520,20240601,928249.581186071,719.7297146945426,403,110,25.077786589078496,0.01818216220147558,38.14363180960972,1.666997062779307,47.99321656953202,2.557928342685546,trmf,0.9884579045713164
shift_0520,20240602,976350.6182833265,506.9343466240289,400,78,25.719334336808583,0.015259372320927674,39.398308823213405,1.4326080328567843,49.40522791879738,2.549344678550088,trmf,0.9174968852590063
shift_0520,20240603,1119627.4080328946,671.3886024271615,404,128,27.541880010156007,0.017560941383354338,41.50305657016109,1.2812247754589292,52.64366030566693,2.2902452830345923,trmf,1.0171794281983166
shift_0520,20240604,1089296.0307565203,675.8796549391268,400,129,27.166255555227913,0.01761957781197799,40.68740704855911,1.287077224456072,52.18467281579238,2.2889685821502117,trmf,1.0117766536895105
shift_0520,20240605,1024892.701996477,609.449376479359,393,118,26.350934505631983,0.016731297813553443,39.86202369835068,1.223690571765755,51.06730334302908,2.272625183439044,trmf,0.9711985388138941
shift_0520,20240606,1073557.1063907626,614.1556807754456,404,122,26.96928276765757,0.016795774986720618,40.640205677681436,1.2268999679323358,51.5491956316892,2.243671757895032,trmf,0.9846664878664635
shift_0520,20240607,1004142.3340506147,584.7775101234993,412,112,26.082814925763593,0.016389139128298535,39.334649996799854,1.2031080934247376,49.36839753202582,2.2850006058992225,trmf,0.9564325894424797
shift_0520,20240608,974303.5876077475,628.1145445160225,413,106,25.692358427693335,0.016985574326632558,39.48272711164207,1.6044438090943154,48.57044975959423,2.4342573632482893,trmf,0.9660290764811109
shift_0520,20240609,1004444.3077331927,522.608310735927,406,89,26.086736546902046,0.015493479683354234,40.056755018061374,1.510672817420191,49.73932808114248,2.4232217173455077,trmf,0.9310615167612545
shift_0520,20240610,1123662.673311343,653.043415891231,401,127,27.591467414024493,0.017319359965465037,41.73862326192051,1.266700152906769,52.93535023985218,2.2676141957740152,trmf,1.0112494662140712
shift_0520,20240611,1082008.6762265656,698.4223236280984,412,126,27.075232387286842,0.017911001374812656,40.768513576935305,1.3099715131175955,51.24680137369896,2.3543649493034673,trmf,1.0183428385407978
shift_0520,20240612,1079551.2612501774,616.5280311660927,401,122,27.044468815821293,0.016828182941361743,40.69095069146356,1.2322913408301452,51.88591122517054,2.2480009902535825,trmf,0.9870020356930623
shift_0520,20240613,1037301.2966310392,591.910485249554,389,115,26.50997276977273,0.016488791549808177,40.19619517941879,1.22104807486535,51.638980529300724,2.268710580444806,trmf,0.9673019727332639
shift_0520,20240614,1061271.0905439202,617.429397892741,395,122,26.81451759825349,0.016840479887649525,40.65796643330908,1.2316759101516974,51.833987445898565,2.249643683795027,trmf,0.9830241090687863
shift_0520,20240615,921552.8046556218,684.5652552081032,390,96,24.987162078492847,0.01773242932451151,38.64715514418166,1.796964493942786,48.610244901392846,2.6703722727523234,trmf,0.9739760107667406
shift_0520,20240616,999788.4618737875,598.1217306735026,394,92,26.02620711041193,0.016575078798729718,39.90012335504828,1.7081179639870119,50.373943335740094,2.549769236518198,trmf,0.960649708344915
shift_0520,20240617,1096482.9353220332,579.1153974202684,398,113,27.255726323597614,0.016309602148308993,41.262734441692565,1.2002439609188045,52.48792479754603,2.2638275158276313,trmf,0.9762451162194716
shift_0520,20240618,1061278.9168634075,654.3668868508116,399,125,26.81461646959588,0.01733690096486011,40.43825624772364,1.2726822136564393,51.57370366215809,2.287998053934158,trmf,0.9971288411627311
shift_0520,20240619,1074076.8930224404,609.4688405508632,396,116,26.975810867635158,0.016731564986340434,40.74417668298252,1.2297681200773054,52.079894262760405,2.2921696553455093,trmf,0.9829651873240541
shift_0520,20240620,1051347.7822574414,621.4301907523617,407,108,26.688859950021673,0.01689495290128155,40.21763452205897,1.240239308144296,50.824837276381096,2.3987461824267804,trmf,0.9822069850945104
shift_0520,20240621,1004777.5507682142,712.4559372839094,400,122,26.091063567463976,0.018090052036298716,39.40785724869941,1.3279701786023668,50.11929645276892,2.416568386084327,trmf,1.0049092035958007
shift_0520,20240622,976973.4618160303,638.1066612785224,399,96,25.727536598783704,0.017120145457802417,39.410873504947105,1.73491702438545,49.482876251744294,2.5781668658793095,trmf,0.9705141104034833
shift_0520,20240623,1031722.691338351,453.85854338357206,374,63,26.438591365140212,0.014438466467814506,40.85895487043358,1.574833746769758,52.5225363226139,2.6840461738262444,trmf,0.907710830392594
shift_0520,20240624,1055854.4930318678,646.4200160199596,403,122,26.746001056509655,0.017231306557835935,40.11900158476448,1.2680733378237246,51.18580208482299,2.3018524543234906,trmf,0.9928377803874314
shift_0520,20240625,1118747.461110126,743.6367653274413,397,112,27.53105491062693,0.018481671116363625,41.582815473150376,1.3634852083240958,53.084872424996476,2.5767448411004663,trmf,1.0431328138245624
shift_0520,20240626,1052857.1935646976,813.0321652975433,417,127,26.70801156617431,0.01932478518024025,39.84996737509234,1.423907171889538,50.24776009574519,2.530183407029815,trmf,1.0515967104514354
shift_0520,20240627,1078835.2841253544,639.8187938621813,405,119,27.035499147917896,0.017143097986689084,40.677454981236764,1.2647319813523548,51.61192522083317,2.318755812898431,trmf,0.9957796926960558
shift_0520,20240628,1059659.8973715166,788.187086623795,394,129,26.794155327921793,0.019027225653614924,40.658769845165985,1.3882030799764935,51.86031358667645,2.4718368505401673,trmf,1.0447643867271403
shift_0520,20240629,997082.3092704113,695.2229334394433,402,95,25.99096034837693,0.017869930194161436,40.00566391020559,1.7817221844737354,49.80265306102122,2.7052053787961876,trmf,0.9967719781690553
shift_0520,20240630,973022.0326813529,469.3225718840282,373,76,25.675455583724524,0.014682382435956886,40.07052431171938,1.4639075935293262,51.07482899944612,2.4850144865722728,trmf,0.9002794073084456
shift_0520,20240701,1134012.4135177312,705.4709998193937,389,126,27.71824477071365,0.018001155932591214,42.0610286404514,1.3133422898157838,53.9925828838769,2.366215583805247,trmf,1.0330043935118947
shift_0520,20240702,1173275.560668617,718.7531843148839,397,115,28.194008962444517,0.01816982322190161,42.61708622356429,1.335479936513828,54.36316820329543,2.500005537932795,trmf,1.046749111208118
shift_0520,20240703,1072336.0987807144,748.628011494747,403,123,26.95394167971829,0.018543591332878487,40.58588017281403,1.3595823718748916,51.5837534481862,2.4670643683370463,trmf,1.034031669429833
shift_0520,20240704,1064388.3357237482,727.1279764628259,392,109,26.85386953040338,0.018275372525496533,40.65435916141953,1.3415743452816493,52.108313795806275,2.5828083294413138,trmf,1.0245286376226845
shift_0520,20240705,1087316.2704504526,550.068515783453,384,97,27.141557432682088,0.015895317425714976,41.282653466014835,1.1668572029761224,53.21233679919899,2.381346140540372,trmf,0.9623272090195407
shift_0520,20240706,1097252.716968854,709.5601378172382,396,110,27.26529203415756,0.018053250811807392,41.733331754314094,1.6488241924749187,52.638770828789234,2.539792650479452,trmf,1.02596059922214
shift_0520,20240707,1004521.2221862618,534.9633241858542,378,72,26.08773531241318,0.01567555100642521,39.930916974875295,1.6037266159123997,51.55059214749435,2.7258111030018157,trmf,0.9362527925154713
shift_0520,20240709,989520.8362605118,599.7380992229364,382,116,25.892220272452555,0.016597459995377775,38.80876182395204,1.2065135714586568,50.89566466124831,2.2737977103920075,trmf,0.9587641445328297
shift_0520,20240710,869826.1400382692,661.120896521106,394,125,24.27577193431668,0.017426142187732224,35.92413164542943,1.2606478193094144,46.98596129135557,2.2997754612502606,trmf,0.9518875782367532
shift_0520,20240711,840958.0020110725,577.2024061271891,398,130,23.869535896408642,0.016282642119683156,35.06380987819325,1.1779243540905286,45.966942513592535,2.1071351424791636,trmf,0.9117571433272034
shift_0520,20240712,676272.6125099688,501.2132176417582,393,124,21.405122675851956,0.015173021345456998,31.015817845555674,1.1293147031868445,41.48247161970113,2.0104830458763177,trmf,0.8338579654982837
shift_0520,20240713,667476.6692821959,496.66372833020944,404,92,21.265464152901625,0.015104001958716065,29.772860117529007,1.3294685320411228,40.64689377395008,2.32347127940027,trmf,0.8292690632101252
shift_0520,20240714,430770.442732681,209.70543741345296,384,59,17.08361476533365,0.009814442993119558,23.745223899282763,0.8291916613133836,33.49325346916436,1.885292934184405,trmf,0.6003025564942721
shift_0520,20240715,260150.2353565957,167.41246355683546,387,82,13.276051634035003,0.008769093580916664,18.392846299637124,0.6477500360208412,25.927260371639736,1.4288510801443588,trmf,0.4989535844467143
shift_0520,20240716,235087.4095226946,213.35769407553818,394,114,12.620353112522345,0.009899538878115916,17.294316879810722,0.7170180789096078,24.426799874073915,1.3680492388656416,trmf,0.5187294312321795
shift_0520,20240717,157667.28341159012,212.38106293038794,390,117,10.335407718995873,0.009876855638787216,14.0036990232161,0.6987362367700737,20.106593089599837,1.347302030017318,trmf,0.4750864249847141
shift_0520,20240718,53647.53793974088,106.06768821532197,406,110,6.028811692189319,0.006979950822110981,7.921215715346582,0.4838853243257549,11.495076900787868,0.9819631923083377,trmf,0.31174553829295343
