window,arm_a,arm_b,component,mean_diff,pct_of_a,ci_lo,ci_hi,reps
may_jun,april_mean,anchor,combined,0.01522762519418594,6.8764960064958816,0.010898900364901175,0.019797150772839996,4000
may_jun,april_mean,anchor,diag,0.014057695094741085,13.469871054396119,0.010741979201447325,0.017591790565030532,4000
may_jun,april_mean,anchor,offdiag,0.016397555293630794,4.843822662108676,0.0103336045980659,0.022847846337479782,4000
late_jan,april_mean,anchor,combined,0.023613412047614718,9.577317510627038,0.004186418507930789,0.04563451861534191,4000
late_jan,april_mean,anchor,diag,0.027015440921746875,18.506320772126635,0.00110436148558965,0.05189384542560675,4000
late_jan,april_mean,anchor,offdiag,0.020211383173482533,5.822397066900802,-0.004157711636912809,0.04959463335597303,4000
april,april_mean,anchor,combined,0.007046970314978057,3.2612851211097396,-0.0024059719532762733,0.016439721354874575,4000
april,april_mean,anchor,diag,0.007261874293478451,6.896288673926275,-0.004018230501406333,0.01775613238161404,4000
april,april_mean,anchor,offdiag,0.006832066336477649,2.090225163561482,-0.0014575522670929998,0.01612176795828257,4000
january,april_mean,anchor,combined,0.008296441520644349,2.61139717127591,0.001313300793938023,0.016001472004095078,4000
january,april_mean,anchor,diag,0.009549768330839398,4.883237339286787,0.0005950206707583616,0.01864677217201103,4000
january,april_mean,anchor,offdiag,0.007043114710449272,1.6012892117994746,0.00012222137053462953,0.015232996963428495,4000
stable_spring,april_mean,anchor,combined,0.014272796975652785,6.419445294637611,0.00941350022123151,0.019517357909035953,4000
stable_spring,april_mean,anchor,diag,0.015819021999780206,14.722532611378064,0.010844628703817995,0.021139869742580364,4000
stable_spring,april_mean,anchor,offdiag,0.012726571951525323,3.773898354355153,0.007324887013476254,0.018757360261815074,4000
stable_summer,april_mean,anchor,combined,0.016666597717266918,7.31488642813821,0.013909392493871355,0.019788464227138876,4000
stable_summer,april_mean,anchor,diag,0.015045533299265432,13.252492190063066,0.012391065702505961,0.017779335870474876,4000
stable_summer,april_mean,anchor,offdiag,0.018287662135268445,5.344768916831297,0.014459431435626963,0.022472540385045363,4000
stable_late,april_mean,anchor,combined,0.011331308325667727,5.214289003193896,0.008161121893021754,0.014491904682080652,4000
stable_late,april_mean,anchor,diag,0.010631430630145072,9.766846533840662,0.0072280621868734424,0.01396673983840957,4000
stable_late,april_mean,anchor,offdiag,0.012031186021190354,3.693119257929522,0.008422394512983364,0.01564565643599401,4000
roll_0429,april_mean,anchor,combined,0.014471498386099263,6.541826936193992,0.010756660037986414,0.018571628949023564,4000
roll_0429,april_mean,anchor,diag,0.014035986317347787,13.432382757166469,0.01096876162810894,0.017406457490999408,4000
roll_0429,april_mean,anchor,offdiag,0.014907010454850711,4.411190365407268,0.009586593887189337,0.02098766940407617,4000
roll_0513,april_mean,anchor,combined,0.012708088146384189,5.726328768191096,0.009903508912458326,0.015796882089436363,4000
roll_0513,april_mean,anchor,diag,0.012622896542631684,11.441104190430336,0.010240673024654293,0.015203207409763726,4000
roll_0513,april_mean,anchor,offdiag,0.012793279750136666,3.835855349565734,0.008115176229662428,0.017890033380329188,4000
roll_0527,april_mean,anchor,combined,0.015562486414641308,6.835148763670627,0.013302418428566679,0.01778111178429222,4000
roll_0527,april_mean,anchor,diag,0.014117388881924181,12.291609288767324,0.01172337957894089,0.016483449773616068,4000
roll_0527,april_mean,anchor,offdiag,0.017007583947358462,4.9947009230780655,0.013956902383450289,0.02021999771129245,4000
roll_0610,april_mean,anchor,combined,0.017948335288349077,7.78489428654341,0.015322867355209109,0.02065265315723866,4000
roll_0610,april_mean,anchor,diag,0.016210087870701884,14.037890345707645,0.01361145934708149,0.018904495517571316,4000
roll_0610,april_mean,anchor,offdiag,0.01968658270599627,5.695806924253116,0.016223959146706768,0.02333949093480619,4000
roll_0624,april_mean,anchor,combined,0.016315822594502566,7.133686023560754,0.01298028804688144,0.019825589609715477,4000
roll_0624,april_mean,anchor,diag,0.014467555172028232,12.610859281390724,0.011359926695209807,0.017582530556418917,4000
roll_0624,april_mean,anchor,offdiag,0.018164090016976886,5.300175046961592,0.013900855022488048,0.022896435435431132,4000
roll_0708,april_mean,anchor,combined,0.015565068350912398,6.861851702722131,0.011724185407955274,0.019647648950758278,4000
roll_0708,april_mean,anchor,diag,0.010545710733613323,9.444470924673357,0.007112350370702227,0.01409840125816228,4000
roll_0708,april_mean,anchor,offdiag,0.020584425968211473,6.018671366683403,0.015249625169220515,0.026300237457635964,4000
roll_0722,april_mean,anchor,combined,0.015544365401431004,6.976330272784698,0.010756001280842873,0.02056644537706097,4000
roll_0722,april_mean,anchor,diag,0.012535656359128844,11.157930979786236,0.007904793400447016,0.01740645176057925,4000
roll_0722,april_mean,anchor,offdiag,0.018553074443733164,5.566744857383937,0.013096163405879567,0.024345500948699857,4000
roll_0805,april_mean,anchor,combined,0.010075292560754318,4.680941125794768,0.006725092506166582,0.01359584310373477,4000
roll_0805,april_mean,anchor,diag,0.009066168146099021,8.354777510660739,0.005575338261425522,0.012618107282624875,4000
roll_0805,april_mean,anchor,offdiag,0.011084416975409628,3.442721405471946,0.007102978943326774,0.015386369040900209,4000
roll_0819,april_mean,anchor,combined,0.01072237284719535,4.892658028937564,0.007349498692955053,0.014287466546817796,4000
roll_0819,april_mean,anchor,diag,0.010470634506826726,9.57447730388936,0.006988199119621741,0.014237512107464635,4000
roll_0819,april_mean,anchor,offdiag,0.010974111187563973,3.3361563067843902,0.0072486057481751815,0.014927194332824956,4000
pooled_roll,april_mean,anchor,combined,0.014311950988109497,,0.0122404646226845,0.016456926708041116,4000
may_jun,anchor,anchor_rts,combined,0.00252148974174346,1.2227366026911068,0.0018587011150327391,0.0031924482966748857,4000
may_jun,anchor,anchor_rts,diag,0.0016678350030646938,1.8468645794865923,0.0009025508533724476,0.0024733701599085577,4000
may_jun,anchor,anchor_rts,offdiag,0.003375144480422254,1.047766508281265,0.002485033775331899,0.004299913531157523,4000
late_jan,anchor,anchor_rts,combined,0.013475042351082767,6.044186995926815,0.009342667087528525,0.017664780582782178,4000
late_jan,anchor,anchor_rts,diag,0.018282307263191397,15.36792044448433,0.009116359387033077,0.027341185433289006,4000
late_jan,anchor,anchor_rts,offdiag,0.008667777438974178,2.6513429245931124,0.004130641778717824,0.014132450913389733,4000
april,anchor,anchor_rts,combined,0.004114903886885096,1.9685466409496333,0.001197140108455034,0.007652083488915286,4000
april,anchor,anchor_rts,diag,0.0045809079783018375,4.6725211953946415,0.0013011213187414748,0.008557273016011651,4000
april,anchor,anchor_rts,offdiag,0.003648899795468341,1.1401890938003478,0.0007843756791854078,0.006784369307447687,4000
january,anchor,anchor_rts,combined,-0.025561815379016695,-8.261608893182121,-0.033465186243062106,-0.016994325852552814,4000
january,anchor,anchor_rts,diag,-0.03795053984604141,-20.402148029130807,-0.04898544218376775,-0.025794327697985363,4000
january,anchor,anchor_rts,offdiag,-0.01317309091199198,-3.043710178603969,-0.019039825711871433,-0.006923080282863765,4000
stable_spring,anchor,anchor_rts,combined,0.0029252009657230182,1.4059131951275579,0.0017787542995360602,0.004091549094210829,4000
stable_spring,anchor,anchor_rts,diag,0.0030779000219357117,3.3591013672122805,0.0018368998010375702,0.004337531757833641,4000
stable_spring,anchor,anchor_rts,offdiag,0.0027725019095103387,0.8543930828899696,0.0013908580730952705,0.004199062234697351,4000
stable_summer,anchor,anchor_rts,combined,0.0024550855021137352,1.1625650693145044,0.0018327314414214048,0.0030578147135280074,4000
stable_summer,anchor,anchor_rts,diag,0.001027830921477263,1.0436494366156215,0.0004101235065338455,0.0016525395958130987,4000
stable_summer,anchor,anchor_rts,offdiag,0.0038823400827501797,1.1987253764261656,0.003052648043530956,0.004703025357547126,4000
stable_late,anchor,anchor_rts,combined,0.0015160115958033626,0.7359947095086113,0.000842119943830838,0.0021587132690201595,4000
stable_late,anchor,anchor_rts,diag,-0.0009779873888707546,-0.9957029027172446,-0.0018541319059632438,-8.065939899374097e-05,4000
stable_late,anchor,anchor_rts,offdiag,0.004010010580477452,1.278124300579123,0.002724917492609151,0.005192181192690877,4000
roll_0429,anchor,anchor_rts,combined,0.0020520182791236574,0.9925433596402921,0.000978947073543436,0.003176361641102949,4000
roll_0429,anchor,anchor_rts,diag,0.0010407110164851185,1.150495198219523,-0.00011664470998293051,0.002149348990050917,4000
roll_0429,anchor,anchor_rts,offdiag,0.0030633255417621963,0.9483122110019266,0.0018195344503847924,0.004511934759937943,4000
roll_0513,anchor,anchor_rts,combined,0.0016363299380329488,0.7821256278498416,0.0010091138607494477,0.0022622268138729256,4000
roll_0513,anchor,anchor_rts,diag,-0.00017677691045982213,-0.18092653435131334,-0.0009958526005088015,0.0005445427508224465,4000
roll_0513,anchor,anchor_rts,offdiag,0.0034494367865257614,1.0755122030631832,0.0025825152171793583,0.0043314444342960855,4000
roll_0527,anchor,anchor_rts,combined,0.001945483849227908,0.9171587650292639,0.0014890465467764847,0.0023866791891759263,4000
roll_0527,anchor,anchor_rts,diag,-5.963247770371383e-06,-0.00591965069518199,-0.0006565838086199753,0.0006144013843416698,4000
roll_0527,anchor,anchor_rts,offdiag,0.0038969309462261736,1.204596912557376,0.003249780358443452,0.004547014331555049,4000
roll_0610,anchor,anchor_rts,combined,0.0009093941126978033,0.427738769261279,0.000515309669838672,0.001305009971984683,4000
roll_0610,anchor,anchor_rts,diag,-0.00022833784494399878,-0.2300314988435489,-0.0007375941984889732,0.0002852958858156141,4000
roll_0610,anchor,anchor_rts,offdiag,0.0020471260703395777,0.6280562030082396,0.0014076963992061806,0.002660535735790201,4000
roll_0624,anchor,anchor_rts,combined,0.001793014668856674,0.8441714318527672,0.0008127540627523675,0.002674228431740168,4000
roll_0624,anchor,anchor_rts,diag,-0.0010057579661369859,-1.0031954285946256,-0.002048041932364347,-8.089343463122248e-05,4000
roll_0624,anchor,anchor_rts,offdiag,0.004591787303850348,1.4148459445500268,0.003405966572259411,0.005733438146007248,4000
roll_0708,anchor,anchor_rts,combined,0.002070555875175628,0.9800532001379505,0.0008448968604152605,0.003242219555111816,4000
roll_0708,anchor,anchor_rts,diag,-0.0023961012780694263,-2.369692411932298,-0.004064030635594021,-0.0006797462329758197,4000
roll_0708,anchor,anchor_rts,offdiag,0.006537213028420696,2.0338219360369245,0.004884770864069013,0.008189952665241673,4000
roll_0722,anchor,anchor_rts,combined,0.0027781190816245083,1.340329034121189,0.001997081799221535,0.003487647835568368,4000
roll_0722,anchor,anchor_rts,diag,0.0016128349959903948,1.6158753897809832,0.000915014917945764,0.002265157473911628,4000
roll_0722,anchor,anchor_rts,offdiag,0.003943403167258608,1.2529439693484306,0.0028564066027770103,0.004950510514231005,4000
roll_0805,anchor,anchor_rts,combined,0.0018438747516924259,0.8987257494488121,0.0010819435046130628,0.002547171532651037,4000
roll_0805,anchor,anchor_rts,diag,0.0006001458851438296,0.6034733867440026,8.837272293999339e-05,0.0010844037784842283,4000
roll_0805,anchor,anchor_rts,offdiag,0.0030876036182410083,0.9931744745558877,0.001740340951070367,0.00438836024319738,4000
roll_0819,anchor,anchor_rts,combined,0.0025983194221178285,1.246615298975062,0.0016654405441780436,0.003532153502944964,4000
roll_0819,anchor,anchor_rts,diag,-0.00048539281800048795,-0.49084502340344033,-0.001204681858183574,0.00021801473326821223,4000
roll_0819,anchor,anchor_rts,offdiag,0.005682031662236131,1.7869673738714416,0.003913479885048305,0.0074543066731996175,4000
pooled_roll,anchor,anchor_rts,combined,0.0019617255417341906,,0.0016103701970912865,0.0022931595940049285,4000
may_jun,anchor_rts_fullgrid,anchor_rts,combined,0.0022061077701573395,1.0714382266596432,0.0011225624529678819,0.0033061026256419198,4000
may_jun,anchor_rts_fullgrid,anchor_rts,diag,0.00334499402887177,3.6365170343181408,0.001974176444724919,0.004699467423213209,4000
may_jun,anchor_rts_fullgrid,anchor_rts,offdiag,0.0010672215114428951,0.3336948247894178,-1.2557974751228877e-05,0.0021960795319057925,4000
late_jan,anchor_rts_fullgrid,anchor_rts,combined,0.006336473205796389,2.936222027316572,0.004195175715459241,0.00862649154596518,4000
late_jan,anchor_rts_fullgrid,anchor_rts,diag,0.009324463524709323,8.476303424362445,0.007925084680052624,0.010809733328994969,4000
late_jan,anchor_rts_fullgrid,anchor_rts,offdiag,0.0033484828868834415,1.0411917705314004,0.00018915266869778957,0.006761856895579179,4000
april,anchor_rts_fullgrid,anchor_rts,combined,0.0021822706648750856,1.053728245463268,0.0006366972850513069,0.003701397621888027,4000
april,anchor_rts_fullgrid,anchor_rts,diag,0.0023989977020429792,2.502673214550667,-0.0002371733068562534,0.00492108064668937,4000
april,anchor_rts_fullgrid,anchor_rts,offdiag,0.001965543627707178,0.6174304999755199,0.0012485794495070395,0.00267269752554071,4000
january,anchor_rts_fullgrid,anchor_rts,combined,-0.01066985864732023,-3.290152634866996,-0.013626669216300293,-0.0075407937885802615,4000
january,anchor_rts_fullgrid,anchor_rts,diag,-0.014075998269382078,-6.706464608739998,-0.01838815200930817,-0.009342997727251823,4000
january,anchor_rts_fullgrid,anchor_rts,offdiag,-0.007263719025258408,-1.6557125687223155,-0.009518940199787263,-0.005009555418034132,4000
stable_spring,anchor_rts_fullgrid,anchor_rts,combined,0.0010900058514116129,0.528541684369163,0.0006110196938029618,0.0015738631400216458,4000
stable_spring,anchor_rts_fullgrid,anchor_rts,diag,0.0012356366817177916,1.3761956631145715,0.0005675423674016075,0.0019120527121825586,4000
stable_spring,anchor_rts_fullgrid,anchor_rts,offdiag,0.0009443750211053925,0.2926738734360214,0.00041556708062052,0.0014913381239196556,4000
stable_summer,anchor_rts_fullgrid,anchor_rts,combined,0.0021037315388253985,0.9978474174923189,0.0016328252167129062,0.0025925280958410146,4000
stable_summer,anchor_rts_fullgrid,anchor_rts,diag,0.001834597807372676,1.847696599895083,0.001439704053480334,0.0022425902477295903,4000
stable_summer,anchor_rts_fullgrid,anchor_rts,offdiag,0.0023728652702780795,0.7360851483742397,0.0016912382221678582,0.003058735439632726,4000
stable_late,anchor_rts_fullgrid,anchor_rts,combined,0.0022591208703134635,1.0928175788740104,0.0015537561520950643,0.002971100329427004,4000
stable_late,anchor_rts_fullgrid,anchor_rts,diag,0.001009537289347967,1.0074385137278352,0.00019305686242429635,0.0018349346271831692,4000
stable_late,anchor_rts_fullgrid,anchor_rts,offdiag,0.0035087044512789323,1.120131073403818,0.002648236625953093,0.004400468191146093,4000
roll_0429,anchor_rts_fullgrid,anchor_rts,combined,0.0017934508936228444,0.8685628522041514,0.001294370206136708,0.0022664359370962403,4000
roll_0429,anchor_rts_fullgrid,anchor_rts,diag,0.0022570847557589757,2.4620764492646767,0.0015729598745280785,0.00292061414217683,4000
roll_0429,anchor_rts_fullgrid,anchor_rts,offdiag,0.001329817031486713,0.41389193271140723,0.0007241751590666007,0.0019343027459146748,4000
roll_0513,anchor_rts_fullgrid,anchor_rts,combined,0.0024055582310772705,1.145585907539565,0.0018410169798612577,0.0029848448747894483,4000
roll_0513,anchor_rts_fullgrid,anchor_rts,diag,0.0030209158204267533,2.993846896042723,0.0021907470616020623,0.0038953911042305537,4000
roll_0513,anchor_rts_fullgrid,anchor_rts,offdiag,0.0017902006417278016,0.5610757097680397,0.0011890141494271477,0.0023911755138348798,4000
roll_0527,anchor_rts_fullgrid,anchor_rts,combined,0.0008320171360220174,0.3943073479923478,0.00033440218093673746,0.001367604297292073,4000
roll_0527,anchor_rts_fullgrid,anchor_rts,diag,0.0016134995544573455,1.5763613736823063,0.0008231090767102971,0.002443975429394693,4000
roll_0527,anchor_rts_fullgrid,anchor_rts,offdiag,5.053471758670325e-05,0.015808966463525597,-0.00047761123144052367,0.0006030305107380688,4000
roll_0610,anchor_rts_fullgrid,anchor_rts,combined,0.00010436509016123474,0.04927530343537781,-0.0002921845823050481,0.0005208886351168916,4000
roll_0610,anchor_rts_fullgrid,anchor_rts,diag,-0.0002262585277521545,-0.22793198411672191,-0.0006861707726168676,0.00023944730902764383,4000
roll_0610,anchor_rts_fullgrid,anchor_rts,offdiag,0.000434988708074624,0.13411744234420664,-0.00021297040611176072,0.001090512180720428,4000
roll_0624,anchor_rts_fullgrid,anchor_rts,combined,0.0010204942979754605,0.48221403681817343,0.0004188487639154533,0.0016065656057927702,4000
roll_0624,anchor_rts_fullgrid,anchor_rts,diag,0.00010132789584575697,0.09996583792811754,-0.0004359639315855982,0.0006501438890966594,4000
roll_0624,anchor_rts_fullgrid,anchor_rts,offdiag,0.0019396607001052057,0.6025828096431152,0.0011336258893841211,0.0027218665099584764,4000
roll_0708,anchor_rts_fullgrid,anchor_rts,combined,-0.0010174904518731875,-0.488751157830442,-0.002497797917256698,0.0004372312198262632,4000
roll_0708,anchor_rts_fullgrid,anchor_rts,diag,-0.0044309862013788,-4.472149752137352,-0.006721568309204284,-0.0022832510136152236,4000
roll_0708,anchor_rts_fullgrid,anchor_rts,offdiag,0.002396005297632453,0.7551614777650428,0.0008608082732368392,0.003915320899790614,4000
roll_0722,anchor_rts_fullgrid,anchor_rts,combined,0.00042187046266695116,0.2058756560671133,-1.751566041432173e-05,0.0008820031019930147,4000
roll_0722,anchor_rts_fullgrid,anchor_rts,diag,-0.0003070957716475864,-0.31370903561482383,-0.0008569878552355345,0.00024308670868243844,4000
roll_0722,anchor_rts_fullgrid,anchor_rts,offdiag,0.001150836696981461,0.36893070837527187,0.0006039469830344812,0.0017209075347954725,4000
roll_0805,anchor_rts_fullgrid,anchor_rts,combined,0.00017610832252706876,0.08654070020220138,-0.00019792356698852196,0.0005585652054136026,4000
roll_0805,anchor_rts_fullgrid,anchor_rts,diag,-0.0003517274494565792,-0.3570955415376859,-0.0009424367352757524,0.00027568852704321306,4000
roll_0805,anchor_rts_fullgrid,anchor_rts,offdiag,0.000703944094510689,0.22818385864150062,0.0002734461085224294,0.0011239342294272607,4000
roll_0819,anchor_rts_fullgrid,anchor_rts,combined,0.00031490522874669247,0.1527579664368099,-0.0002729247509516745,0.0008947986333788323,4000
roll_0819,anchor_rts_fullgrid,anchor_rts,diag,-0.00012580160549265085,-0.12675376480027337,-0.0007961819992073717,0.0005061440127375035,4000
roll_0819,anchor_rts_fullgrid,anchor_rts,offdiag,0.0007556120629860219,0.24137550055259197,-0.00011688940037305887,0.001687638995333876,4000
pooled_roll,anchor_rts_fullgrid,anchor_rts,combined,0.0006667307934050596,,0.0003849523673543481,0.0009374069655010498,4000
may_jun,anchor_rts,anchor_rts_fm,combined,0.0006637841908005981,0.3258709315665746,0.0003447369265375103,0.0009932551177623088,4000
may_jun,anchor_rts,anchor_rts_fm,diag,0.0013275683816012102,1.4977340075780827,0.0006894738530749946,0.0019865102355245898,4000
may_jun,anchor_rts,anchor_rts_fm,offdiag,0.0,0.0,0.0,0.0,4000
late_jan,anchor_rts,anchor_rts_fm,combined,0.004038476877003455,1.9279763359183557,0.0021384289110088772,0.006281118117971135,4000
late_jan,anchor_rts,anchor_rts_fm,diag,0.008076953754006883,8.022259087000236,0.004276857822017768,0.012562236235942284,4000
late_jan,anchor_rts,anchor_rts_fm,offdiag,0.0,0.0,0.0,0.0,4000
april,anchor_rts,anchor_rts_fm,combined,0.0017331761379313637,0.8457914159770392,0.0007068397506866254,0.002922795393087852,4000
april,anchor_rts,anchor_rts_fm,diag,0.003466352275862755,3.7089783824872704,0.0014136795013732373,0.005845590786175718,4000
april,anchor_rts,anchor_rts_fm,offdiag,0.0,0.0,0.0,0.0,4000
january,anchor_rts,anchor_rts_fm,combined,-0.0015818998117825833,-0.47225594651783026,-0.002929206949357631,-0.00024015782421864902,4000
january,anchor_rts,anchor_rts_fm,diag,-0.003163799623565139,-1.4126438113761552,-0.005858413898715236,-0.00048031564843729945,4000
january,anchor_rts,anchor_rts_fm,offdiag,0.0,0.0,0.0,0.0,4000
stable_spring,anchor_rts,anchor_rts_fm,combined,-0.0009203091337621483,-0.44862726325978686,-0.0018370191916233583,-8.595110841355944e-05,4000
stable_spring,anchor_rts,anchor_rts_fm,diag,-0.0018406182675242688,-2.078602136029189,-0.0036740383832466897,-0.00017190221682707898,4000
stable_spring,anchor_rts,anchor_rts_fm,offdiag,0.0,0.0,0.0,0.0,4000
stable_summer,anchor_rts,anchor_rts_fm,combined,0.0004436487081436735,0.21255356994754265,0.0002416993028791191,0.0006635329450597839,4000
stable_summer,anchor_rts,anchor_rts_fm,diag,0.0008872974162873748,0.910455052839886,0.0004833986057582649,0.001327065890119554,4000
stable_summer,anchor_rts,anchor_rts_fm,offdiag,0.0,0.0,0.0,0.0,4000
stable_late,anchor_rts,anchor_rts_fm,combined,3.445594563278309e-06,0.0016851732161705592,-0.0003489517466705033,0.0003551770339825881,4000
stable_late,anchor_rts,anchor_rts_fm,diag,6.891189126556618e-06,0.006946847923551603,-0.0006979034933409795,0.0007103540679651491,4000
stable_late,anchor_rts,anchor_rts_fm,offdiag,0.0,0.0,0.0,0.0,4000
roll_0429,anchor_rts,anchor_rts_fm,combined,0.0010282000808725655,0.5023171344013924,0.0007546688837430426,0.0013007413792868621,4000
roll_0429,anchor_rts,anchor_rts_fm,diag,0.002056400161745131,2.299787927877567,0.001509337767486099,0.0026014827585737112,4000
roll_0429,anchor_rts,anchor_rts_fm,offdiag,0.0,0.0,0.0,0.0,4000
roll_0513,anchor_rts,anchor_rts_fm,combined,-2.99496193231219e-05,-0.014428029727120933,-0.0003445815822711223,0.0003008380833877521,4000
roll_0513,anchor_rts,anchor_rts_fm,diag,-5.9899238646285435e-05,-0.06119458349480363,-0.000689163164542271,0.0006016761667754633,4000
roll_0513,anchor_rts,anchor_rts_fm,offdiag,0.0,0.0,0.0,0.0,4000
roll_0527,anchor_rts,anchor_rts_fm,combined,0.0006271985704489058,0.29841695819375075,0.0003479069588157635,0.0009089997951504808,4000
roll_0527,anchor_rts,anchor_rts_fm,diag,0.0012543971408977977,1.2451525829430345,0.000695813917631527,0.0018179995903009616,4000
roll_0527,anchor_rts,anchor_rts_fm,offdiag,0.0,0.0,0.0,0.0,4000
roll_0610,anchor_rts,anchor_rts_fm,combined,0.0008740361831677812,0.41287398514955187,0.0006476317620747144,0.0010982191422182596,4000
roll_0610,anchor_rts,anchor_rts_fm,diag,0.0017480723663355763,1.7569967251743532,0.0012952635241494695,0.0021964382844364785,4000
roll_0610,anchor_rts,anchor_rts_fm,offdiag,0.0,0.0,0.0,0.0,4000
roll_0624,anchor_rts,anchor_rts_fm,combined,0.0006131328544174974,0.2911274447091652,0.0003365865031506335,0.0008926892908966153,4000
roll_0624,anchor_rts,anchor_rts_fm,diag,0.001226265708834981,1.2109927232492146,0.0006731730063012406,0.0017853785817932295,4000
roll_0624,anchor_rts,anchor_rts_fm,offdiag,0.0,0.0,0.0,0.0,4000
roll_0708,anchor_rts,anchor_rts_fm,combined,0.0026786717933447446,1.2804408242678273,0.0019761928335715376,0.0034202647474529976,4000
roll_0708,anchor_rts,anchor_rts_fm,diag,0.005357343586689489,5.17565010900648,0.00395238566714313,0.006840529494906023,4000
roll_0708,anchor_rts,anchor_rts_fm,offdiag,0.0,0.0,0.0,0.0,4000
roll_0722,anchor_rts,anchor_rts_fm,combined,0.00017509816648095256,0.08562537836989273,-0.00013820357136583653,0.00048627601600344104,4000
roll_0722,anchor_rts,anchor_rts_fm,diag,0.00035019633296194674,0.3566190153415453,-0.00027640714273167305,0.0009725520320068956,4000
roll_0722,anchor_rts,anchor_rts_fm,offdiag,0.0,0.0,0.0,0.0,4000
roll_0805,anchor_rts,anchor_rts_fm,combined,0.00035549388056341225,0.17484316435373023,8.60291329281726e-05,0.0006209199621526641,4000
roll_0805,anchor_rts,anchor_rts_fm,diag,0.0007109877611268661,0.7192704297900674,0.0001720582658563178,0.0012418399243053144,4000
roll_0805,anchor_rts,anchor_rts_fm,offdiag,0.0,0.0,0.0,0.0,4000
roll_0819,anchor_rts,anchor_rts_fm,combined,-0.00044989063559860987,-0.21857217634595505,-0.0009214043677012431,-1.7782207730711298e-05,4000
roll_0819,anchor_rts,anchor_rts_fm,diag,-0.0008997812711972336,-0.9054437951945072,-0.0018428087354024447,-3.556441546146353e-05,4000
roll_0819,anchor_rts,anchor_rts_fm,offdiag,0.0,0.0,0.0,0.0,4000
pooled_roll,anchor_rts,anchor_rts_fm,combined,0.0006502461233992339,,0.0004684273065075583,0.0008247293381847272,4000
may_jun,anchor_rts_fm,final,combined,0.00012129006614863824,0.05973948863487961,4.5178113958978945e-05,0.00019500217928040622,4000
may_jun,anchor_rts_fm,final,diag,0.00024258013229724873,0.27783489968751063,9.035622791795754e-05,0.0003900043585608256,4000
may_jun,anchor_rts_fm,final,offdiag,0.0,0.0,0.0,0.0,4000
late_jan,anchor_rts_fm,final,combined,-5.4715702662466725e-05,-0.026634892142226897,-0.0003602454484922246,0.0002977807193924327,4000
late_jan,anchor_rts_fm,final,diag,-0.00010943140532493345,-0.11817029658526712,-0.0007204908969844492,0.0005955614387847949,4000
late_jan,anchor_rts_fm,final,offdiag,0.0,0.0,0.0,1.1102230246251565e-16,4000
april,anchor_rts_fm,final,combined,0.00014946963355924603,0.07356350092131977,4.022352667937199e-05,0.000264669610506018,4000
april,anchor_rts_fm,final,diag,0.0002989392671184782,0.3321840504487535,8.044705335874362e-05,0.0005293392210120083,4000
april,anchor_rts_fm,final,offdiag,0.0,0.0,0.0,0.0,4000
january,anchor_rts_fm,final,combined,1.4818113447723213e-05,0.004402964890908725,-0.00015819074955419898,0.00018965280009177054,4000
january,anchor_rts_fm,final,diag,2.9636226895474183e-05,0.013048317251443774,-0.00031638149910834387,0.0003793056001835404,4000
january,anchor_rts_fm,final,offdiag,0.0,0.0,0.0,0.0,4000
stable_spring,anchor_rts_fm,final,combined,0.0002693974085390405,0.13073784971488173,0.00018647995602197944,0.00034519717393858494,4000
stable_spring,anchor_rts_fm,final,diag,0.000538794817078081,0.596068726337959,0.0003729599120439721,0.0006903943478771844,4000
stable_spring,anchor_rts_fm,final,offdiag,0.0,0.0,0.0,0.0,4000
stable_summer,anchor_rts_fm,final,combined,5.151256249213976e-05,0.024732409442617835,-3.1985670716550007e-06,0.00010953613085344026,4000
stable_summer,anchor_rts_fm,final,diag,0.00010302512498426564,0.10668530660167451,-6.397134143255184e-06,0.00021907226170688154,4000
stable_summer,anchor_rts_fm,final,offdiag,0.0,0.0,-5.551115123125783e-17,0.0,4000
stable_late,anchor_rts_fm,final,combined,0.00013895983693371083,0.06796369604247551,3.75089086316914e-05,0.00023621224892114435,4000
stable_late,anchor_rts_fm,final,diag,0.0002779196738674633,0.28018384107441163,7.501781726339599e-05,0.0004724244978422342,4000
stable_late,anchor_rts_fm,final,offdiag,0.0,0.0,0.0,0.0,4000
roll_0429,anchor_rts_fm,final,combined,0.00013657859924562366,0.06706100323719344,5.6246351985245194e-05,0.00021507762791604104,4000
roll_0429,anchor_rts_fm,final,diag,0.00027315719849128894,0.31267798466429997,0.00011249270397050324,0.0004301552558320942,4000
roll_0429,anchor_rts_fm,final,offdiag,0.0,0.0,-5.551115123125783e-17,0.0,4000
roll_0513,anchor_rts_fm,final,combined,0.00018779480013930705,0.09045584377609306,0.00010119910323241887,0.00027441552992341284,4000
roll_0513,anchor_rts_fm,final,diag,0.00037558960027865573,0.3834772074195085,0.00020239820646480964,0.0005488310598468799,4000
roll_0513,anchor_rts_fm,final,offdiag,0.0,0.0,0.0,0.0,4000
roll_0527,anchor_rts_fm,final,combined,0.0001422518575097953,0.06788507958681923,6.539946273463466e-05,0.00021764555077007295,4000
roll_0527,anchor_rts_fm,final,diag,0.0002845037150195906,0.28596773644565016,0.00013079892546929671,0.00043529110154011955,4000
roll_0527,anchor_rts_fm,final,offdiag,0.0,0.0,-5.551115123125783e-17,0.0,4000
roll_0610,anchor_rts_fm,final,combined,0.0001145799716525675,0.05434925791212595,4.835987268138539e-05,0.00018096415420239197,4000
roll_0610,anchor_rts_fm,final,diag,0.00022915994330516276,0.23444912721744438,9.671974536274268e-05,0.00036192830840478497,4000
roll_0610,anchor_rts_fm,final,offdiag,0.0,0.0,0.0,0.0,4000
roll_0624,anchor_rts_fm,final,combined,3.166021652120654e-05,0.015076781309003575,-3.5137364746591626e-05,9.957760353334344e-05,4000
roll_0624,anchor_rts_fm,final,diag,6.332043304241308e-05,0.06329832307793953,-7.027472949321032e-05,0.0001991552070666463,4000
roll_0624,anchor_rts_fm,final,offdiag,0.0,0.0,0.0,0.0,4000
roll_0708,anchor_rts_fm,final,combined,7.768504148550348e-05,0.037616137766415134,-3.447717494151068e-07,0.00015243225864085483,4000
roll_0708,anchor_rts_fm,final,diag,0.00015537008297099308,0.15829344556794997,-6.895434988180705e-07,0.00030486451728170934,4000
roll_0708,anchor_rts_fm,final,offdiag,0.0,0.0,0.0,0.0,4000
roll_0722,anchor_rts_fm,final,combined,6.836377843924546e-05,0.03345946470868754,-1.992064645637073e-05,0.00015579342394130073,4000
roll_0722,anchor_rts_fm,final,diag,0.00013672755687847704,0.13973348833392302,-3.984129291272897e-05,0.00031158684788258796,4000
roll_0722,anchor_rts_fm,final,offdiag,0.0,0.0,0.0,0.0,4000
roll_0805,anchor_rts_fm,final,combined,9.32811815857193e-05,0.0459589995292816,7.23414992874344e-06,0.0001814862530865387,4000
roll_0805,anchor_rts_fm,final,diag,0.00018656236317139696,0.19010308106190474,1.4468299857486187e-05,0.00036297250617309024,4000
roll_0805,anchor_rts_fm,final,offdiag,0.0,0.0,0.0,0.0,4000
roll_0819,anchor_rts_fm,final,combined,0.00021184434868778967,0.10269672520778723,0.00011144799638722058,0.0003139488004743334,4000
roll_0819,anchor_rts_fm,final,diag,0.00042368869737556547,0.4225292994151367,0.00022289599277445469,0.000627897600948681,4000
roll_0819,anchor_rts_fm,final,offdiag,0.0,0.0,0.0,0.0,4000
pooled_roll,anchor_rts_fm,final,combined,0.00011808607250339011,,7.232358404852615e-05,0.00016212545680834926,4000
may_jun,april_mean,final,combined,0.018534189192878636,8.369675267364135,0.014217732141484918,0.023070993301108508,4000
may_jun,april_mean,final,diag,0.017295678611704238,16.57245794049738,0.013838346001349993,0.021079181017124426,4000
may_jun,april_mean,final,offdiag,0.01977269977405305,5.840837218815828,0.013872381045232347,0.02609213802328114,4000
late_jan,april_mean,final,combined,0.04107221557303847,16.658399413635138,0.023619989208627734,0.06181856346657702,4000
late_jan,april_mean,final,diag,0.05326527053362022,36.48817671955066,0.03644879473740491,0.07018429697676969,4000
late_jan,april_mean,final,offdiag,0.02887916061245671,8.319368278818924,0.006248984521675882,0.05893169300559986,4000
april,april_mean,final,combined,0.013044519973353763,6.036906216377315,0.00561475547291415,0.021437408930924332,4000
april,april_mean,final,diag,0.015608073814761522,14.822314229152878,0.007677215542036163,0.024168166374077853,4000
april,april_mean,final,offdiag,0.01048096613194599,3.206581738011031,0.0029506994931387228,0.01940562015320392,4000
january,april_mean,final,combined,-0.018832455556707206,-5.927724681309508,-0.030657650257671514,-0.0060730545681282515,4000
january,april_mean,final,diag,-0.031534934911871676,-16.12526778857417,-0.0487166810263215,-0.012971679958544483,4000
january,april_mean,final,offdiag,-0.006129976201542708,-1.3936823640760663,-0.015163691640473535,0.0034541228839447533,4000
stable_spring,april_mean,final,combined,0.016547086216152695,7.442347490225268,0.011006094958812706,0.022533021168040974,4000
stable_spring,april_mean,final,diag,0.01759509857126973,16.37550112260603,0.011517650229455188,0.02405397475674499,4000
stable_spring,april_mean,final,offdiag,0.015499073861035662,4.596047510750214,0.009607363078934226,0.022056746495738386,4000
stable_summer,april_mean,final,combined,0.019616844490016466,8.609734989538726,0.01663582814514728,0.022863856016066022,4000
stable_summer,april_mean,final,diag,0.017063686762014335,15.030133598409446,0.014185049098341042,0.020053776197160214,4000
stable_summer,april_mean,final,offdiag,0.022170002218018625,6.479425191940069,0.018107103164835905,0.026419458492425402,4000
stable_late,april_mean,final,combined,0.012989725352968079,5.977437036909777,0.009944125291636663,0.01610718825294932,4000
stable_late,april_mean,final,diag,0.009938254104268338,9.130041480539335,0.006304414300444232,0.01355142903091186,4000
stable_late,april_mean,final,offdiag,0.016041196601667806,4.9240409038236805,0.012549138328654608,0.019474511772254736,4000
roll_0429,april_mean,final,combined,0.01768829534534111,7.995976909803428,0.013587856989795878,0.02224414815428157,4000
roll_0429,april_mean,final,diag,0.017406254694069326,16.657716111513317,0.013844217874789575,0.021349290639105456,4000
roll_0429,april_mean,final,offdiag,0.017970335996612907,5.317670719523497,0.012459480966119539,0.02431443357110637,4000
roll_0513,april_mean,final,combined,0.014502263265233323,6.534793147717904,0.011714204292650712,0.01757520504023963,4000
roll_0513,april_mean,final,diag,0.012761809993804232,11.56701215956798,0.010298190336798336,0.015473854166522652,4000
roll_0513,april_mean,final,offdiag,0.016242716536662427,4.870112460252486,0.011551259356152237,0.021312674346250553,4000
roll_0527,april_mean,final,combined,0.018277420691827917,8.027566168816152,0.01595339033016795,0.020582250197584567,4000
roll_0527,april_mean,final,diag,0.015650326490071198,13.626294498687848,0.013031899354157364,0.018229392894192467,4000
roll_0527,april_mean,final,offdiag,0.020904514893584636,6.139131822524569,0.017870040733519957,0.024034960056394106,4000
roll_0610,april_mean,final,combined,0.01984634555586723,8.608135498055338,0.01710482072314118,0.022711951344754244,4000
roll_0610,april_mean,final,diag,0.017958982335398624,15.552428016166607,0.015182549178364159,0.020790365479724394,4000
roll_0610,april_mean,final,offdiag,0.021733708776335847,6.288090258562211,0.018049022433616675,0.025610267108490882,4000
roll_0624,april_mean,final,combined,0.018753630334297944,8.199556585757604,0.01498533851941469,0.022507599272432226,4000
roll_0624,april_mean,final,diag,0.01475138334776864,12.858262325083718,0.011011109030491741,0.01840424673909791,4000
roll_0624,april_mean,final,offdiag,0.022755877320827234,6.640031679805629,0.018307981037005244,0.027531935528607873,4000
roll_0708,april_mean,final,combined,0.020391981060918274,8.989793479226016,0.01623100153818314,0.02475715658808649,4000
roll_0708,april_mean,final,diag,0.013662323125204379,12.235629895309476,0.009507957343678044,0.017836850044344262,4000
roll_0708,april_mean,final,offdiag,0.02712163899663217,7.930084244206747,0.021515618399738236,0.03299310241237147,4000
roll_0722,april_mean,final,combined,0.01856594642797571,8.332419546471941,0.013758988119216468,0.02367467687213383,4000
roll_0722,april_mean,final,diag,0.014635415244959663,13.026916859032314,0.009888809675765949,0.0196552164717967,4000
roll_0722,april_mean,final,offdiag,0.022496477610991772,6.749940632752761,0.01709284636725843,0.028254520945572927,4000
roll_0805,april_mean,final,combined,0.012367942374595875,5.7460971732190815,0.009002655621696602,0.01582884929027524,4000
roll_0805,april_mean,final,diag,0.010563864155541114,9.734954530968615,0.007047718752391365,0.014265984805506107,4000
roll_0805,april_mean,final,offdiag,0.014172020593650636,4.401703649798614,0.01018350833315539,0.018337601403656232,4000
roll_0819,april_mean,final,combined,0.013082645982402358,5.969659311212208,0.009888111222905628,0.0164876136534915,4000
roll_0819,april_mean,final,diag,0.00950914911500457,8.695283205764705,0.006063760864211054,0.013198002260573685,4000
roll_0819,april_mean,final,offdiag,0.016656142849800104,5.0635076559122405,0.012931947249631436,0.020562692376458677,4000
pooled_roll,april_mean,final,combined,0.01704200872574631,,0.014862693895720406,0.019231649231194747,4000
may_jun,novdec_mean,final,combined,0.0265511487650833,11.571068960672283,0.023203085737669178,0.02973228049241841,4000
may_jun,novdec_mean,final,diag,0.026556940821379355,23.372392960809133,0.022501801761986868,0.03065727773872826,4000
may_jun,novdec_mean,final,offdiag,0.02654535670878727,7.687671443043401,0.021565450188447688,0.03167875906167157,4000
late_jan,novdec_mean,final,combined,0.017945131924316016,8.031710868609531,0.00938887113679319,0.02722506764038296,4000
late_jan,novdec_mean,final,diag,0.009499649259268328,9.293890583686867,0.0016757674431505962,0.017640468314816173,4000
late_jan,novdec_mean,final,offdiag,0.026390614589363703,7.657374851563599,0.012865450741780415,0.042331000241480676,4000
april,novdec_mean,final,combined,0.05361082374978954,20.889027550446727,0.04779243261373114,0.05953777114170453,4000
april,novdec_mean,final,diag,0.06563441599810303,42.255492969726035,0.055179981084154374,0.07605809657863292,4000
april,novdec_mean,final,offdiag,0.041587231501476085,11.61770760059287,0.035777577220880194,0.04767813017449497,4000
january,novdec_mean,final,combined,0.012629096804227802,3.616965103027604,0.005131798994103191,0.02118434835460608,4000
january,novdec_mean,final,diag,0.009267275065629466,3.9207567220892563,0.0011805570850141822,0.017791595526629428,4000
january,novdec_mean,final,offdiag,0.015990918542826194,3.4615287909299264,0.008112589423960906,0.025201033456624188,4000
stable_spring,novdec_mean,final,combined,0.025052721266109718,10.85273086495545,0.021735897206249178,0.028393802742165426,4000
stable_spring,novdec_mean,final,diag,0.023443166354585793,20.692006205521423,0.019045082290867592,0.027903337918359215,4000
stable_spring,novdec_mean,final,offdiag,0.02666227617763367,7.653011308396454,0.022023416354615303,0.03155038302887286,4000
stable_summer,novdec_mean,final,combined,0.024403013127306528,10.490004766122313,0.018362725811367137,0.031464604138051716,4000
stable_summer,novdec_mean,final,diag,0.017268165428575566,15.182897733678406,0.012520029531651442,0.02263148853621163,4000
stable_summer,novdec_mean,final,offdiag,0.03153786082603749,8.97165294159311,0.02333517761346048,0.04102624344866282,4000
stable_late,novdec_mean,final,combined,0.023538119792231027,10.330033550718397,0.0206721493994158,0.02630318432480735,4000
stable_late,novdec_mean,final,diag,0.01857852914101396,15.812522274695304,0.015374445593909903,0.021751742618208156,4000
stable_late,novdec_mean,final,offdiag,0.02849771044344812,8.425553613837122,0.02466881880792491,0.032285945883973266,4000
roll_0429,novdec_mean,final,combined,0.025631876223778882,11.1852164059412,0.022308809840301504,0.02907172616435627,4000
roll_0429,novdec_mean,final,diag,0.029350026912971394,25.206697023593048,0.024729424087907376,0.03408002236813819,4000
roll_0429,novdec_mean,final,offdiag,0.021913725534586426,6.409778246529981,0.01658729553285714,0.02791287221622737,4000
roll_0513,novdec_mean,final,combined,0.025832077222135985,11.07467250430386,0.023344099600472262,0.028294493018287074,4000
roll_0513,novdec_mean,final,diag,0.02266058818326544,18.847991267094137,0.01891537063073835,0.026549087594407633,4000
roll_0513,novdec_mean,final,offdiag,0.02900356626100653,8.375775975012047,0.02452063061308413,0.03359039123363985,4000
roll_0527,novdec_mean,final,combined,0.019113827170908954,8.364195204235063,0.015951024040029543,0.022471085240304115,4000
roll_0527,novdec_mean,final,diag,0.015475144874724109,13.494351192192772,0.012894158387097274,0.0179403101864205,4000
roll_0527,novdec_mean,final,offdiag,0.022752509467093784,6.645774229325269,0.01669930855465822,0.02933624505514352,4000
roll_0610,novdec_mean,final,combined,0.018454808562040292,8.053177612134421,0.014495632937139178,0.023032233977726645,4000
roll_0610,novdec_mean,final,diag,0.013875148640090817,12.456370109070159,0.011080374541607707,0.016925090849505713,4000
roll_0610,novdec_mean,final,offdiag,0.023034468483989767,6.639444682000276,0.016870724234183003,0.030081026749212786,4000
roll_0624,novdec_mean,final,combined,0.0207072065205251,8.977031462132588,0.016486473395045314,0.025215241674329217,4000
roll_0624,novdec_mean,final,diag,0.01608745694608628,13.861439230934643,0.012740435045157207,0.019474511187968047,4000
roll_0624,novdec_mean,final,offdiag,0.025326956094963937,7.335226645508872,0.019512095406307203,0.031682629825251024,4000
roll_0708,novdec_mean,final,combined,0.02930557279293744,12.430868008144374,0.025236387141913078,0.033681385543799104,4000
roll_0708,novdec_mean,final,diag,0.02913790275995143,22.918735777104487,0.025447640631042195,0.03278759386638402,4000
roll_0708,novdec_mean,final,offdiag,0.02947324282592345,8.558819556300898,0.024026107664266987,0.0355625674956261,4000
roll_0722,novdec_mean,final,combined,0.019957989627548606,8.901557699421852,0.01663969561487679,0.02364167901605049,4000
roll_0722,novdec_mean,final,diag,0.01529752417749218,13.536481102808821,0.01177239426771133,0.018659044842597613,4000
roll_0722,novdec_mean,final,offdiag,0.024618455077605017,7.339895762358676,0.018205265155843815,0.03175341022050959,4000
roll_0805,novdec_mean,final,combined,0.03066555833344642,13.13084419341923,0.026792874959417914,0.034571993357375555,4000
roll_0805,novdec_mean,final,diag,0.020649127764045247,17.410725779019668,0.017261295976324687,0.02419366958258875,4000
roll_0805,novdec_mean,final,offdiag,0.04068198890284758,11.674235605517994,0.03481121369016773,0.04681313214542739,4000
roll_0819,novdec_mean,final,combined,0.029323681089540227,12.457311270412035,0.025867848718678525,0.032792982051362975,4000
roll_0819,novdec_mean,final,diag,0.02590335846143267,20.598426439678327,0.021764554082798575,0.029971868270721465,4000
roll_0819,novdec_mean,final,offdiag,0.03274400371764774,9.4901183882458,0.029170442725179366,0.03633001349734979,4000
pooled_roll,novdec_mean,final,combined,0.024352564999410405,,0.022353198434944394,0.02649935372616363,4000
