window,arm,n_days,combined,nrmse_diag,nrmse_offdiag
may_jun,april_mean,60,0.22144454355533932,0.10436399159257816,0.3385250955181005
may_jun,novdec_mean,60,0.229461503127544,0.11362525380225327,0.3452977524528347
may_jun,anchor,60,0.20621691836115338,0.09030629649783707,0.3221275402244697
may_jun,anchor_rts,60,0.20369542861940992,0.08863846149477238,0.31875239574404746
may_jun,anchor_rts_fullgrid,60,0.20590153638956726,0.09198345552364415,0.31981961725549035
may_jun,anchor_rts_fm,60,0.20303164442860933,0.08731089311317117,0.31875239574404746
may_jun,final,60,0.2029103543624607,0.08706831298087392,0.31875239574404746
late_jan,april_mean,7,0.2465555936869918,0.14597953452982554,0.34713165284415803
late_jan,novdec_mean,7,0.22342851003826933,0.10221391325547365,0.344643106821065
late_jan,anchor,7,0.22294218163937707,0.11896409360807866,0.3269202696706755
late_jan,anchor_rts,7,0.2094671392882943,0.10068178634488727,0.3182524922317013
late_jan,anchor_rts_fullgrid,7,0.2158036124940907,0.11000624986959659,0.32160097511858476
late_jan,anchor_rts_fm,7,0.20542866241129085,0.09260483259088038,0.3182524922317013
late_jan,final,7,0.2054833781139533,0.09271426399620532,0.3182524922317013
april,april_mean,28,0.2160795530989985,0.10530119368312402,0.326857912514873
april,novdec_mean,28,0.2566458568754343,0.15532753586646553,0.3579641778844031
april,anchor,28,0.20903258278402045,0.09803931938964557,0.32002584617839536
april,anchor_rts,28,0.20491767889713536,0.09345841141134373,0.316376946382927
april,anchor_rts_fullgrid,28,0.20709994956201044,0.09585740911338671,0.3183424900106342
april,anchor_rts_fm,28,0.203184502759204,0.08999205913548097,0.316376946382927
april,final,28,0.20303503312564475,0.0896931198683625,0.316376946382927
january,april_mean,28,0.317701252490473,0.19556224011495973,0.4398402648659862
january,novdec_mean,28,0.349162804851408,0.23636445009246088,0.4619611596103551
january,anchor,28,0.30940481096982864,0.18601247178412034,0.43279715015553694
january,anchor_rts,28,0.33496662634884533,0.22396301163016175,0.4459702410675289
january,anchor_rts_fullgrid,28,0.3242967677015251,0.20988701336077967,0.4387065220422705
january,anchor_rts_fm,28,0.3365485261606279,0.22712681125372688,0.4459702410675289
january,final,28,0.3365337080471802,0.2270971750268314,0.4459702410675289
stable_spring,april_mean,58,0.22233692041235018,0.10744769542948567,0.33722614539521467
stable_spring,novdec_mean,58,0.2308425554623072,0.11329576321280173,0.3483893477118127
stable_spring,anchor,58,0.2080641234366974,0.09162867342970546,0.32449957344368935
stable_spring,anchor_rts,58,0.20513892247097437,0.08855077340776975,0.321727071534179
stable_spring,anchor_rts_fullgrid,58,0.20622892832238598,0.08978641008948754,0.3226714465552844
stable_spring,anchor_rts_fm,58,0.20605923160473652,0.09039139167529402,0.321727071534179
stable_spring,final,58,0.20578983419619748,0.08985259685821594,0.321727071534179
stable_summer,april_mean,59,0.22784492802452044,0.11352984090454185,0.34216001514449906
stable_summer,novdec_mean,59,0.2326310966618105,0.11373431957110308,0.3515278737525179
stable_summer,anchor,59,0.21117833030725353,0.09848430760527642,0.3238723530092306
stable_summer,anchor_rts,59,0.2087232448051398,0.09745647668379916,0.31999001292648044
stable_summer,anchor_rts_fullgrid,59,0.2108269763439652,0.09929107449117183,0.3223628781967585
stable_summer,anchor_rts_fm,59,0.20827959609699612,0.09656917926751178,0.31999001292648044
stable_summer,final,59,0.20822808353450398,0.09646615414252752,0.31999001292648044
stable_late,april_mean,60,0.21731262534023316,0.10885223386390638,0.3257730168165599
stable_late,novdec_mean,60,0.2278610197794961,0.117492508900652,0.3382295306583402
stable_late,anchor,60,0.20598131701456543,0.09822080323376131,0.31374183079536955
stable_late,anchor_rts,60,0.20446530541876207,0.09919879062263207,0.3097318202148921
stable_late,anchor_rts_fullgrid,60,0.20672442628907553,0.10020832791198003,0.313240524666171
stable_late,anchor_rts_fm,60,0.2044618598241988,0.09919189943350551,0.3097318202148921
stable_late,final,60,0.20432289998726508,0.09891397975963805,0.3097318202148921
roll_0429,april_mean,59,0.22121493777269996,0.10449364473223698,0.33793623081316293
roll_0429,novdec_mean,59,0.22915851865113773,0.11643741695113904,0.34187962035113645
roll_0429,anchor,59,0.2067434393866007,0.09045765841488919,0.3230292203583122
roll_0429,anchor_rts,59,0.20469142110747704,0.08941694739840407,0.31996589481655
roll_0429,anchor_rts_fullgrid,59,0.20648487200109988,0.09167403215416305,0.32129571184803674
roll_0429,anchor_rts_fm,59,0.20366322102660447,0.08736054723665894,0.31996589481655
roll_0429,final,59,0.20352664242735885,0.08708739003816765,0.31996589481655
roll_0513,april_mean,58,0.22192383044745398,0.11032935573814488,0.33351830515676306
roll_0513,novdec_mean,58,0.23325364440435664,0.12022813392760609,0.34627915488110717
roll_0513,anchor,58,0.2092157423010698,0.0977064591955132,0.3207250254066264
roll_0513,anchor_rts,58,0.20757941236303684,0.09788323610597302,0.31727558862010063
roll_0513,anchor_rts_fullgrid,58,0.2099849705941141,0.10090415192639977,0.31906578926182844
roll_0513,anchor_rts_fm,58,0.20760936198235996,0.0979431353446193,0.31727558862010063
roll_0513,final,58,0.20742156718222066,0.09756754574434065,0.31727558862010063
roll_0527,april_mean,58,0.22768321440722974,0.11485386941826521,0.3405125593961943
roll_0527,novdec_mean,58,0.22851962088631078,0.11467868780291812,0.34236055396970344
roll_0527,anchor,58,0.21212072799258844,0.10073648053634103,0.32350497544883583
roll_0527,anchor_rts,58,0.21017524414336053,0.1007424437841114,0.31960804450260966
roll_0527,anchor_rts_fullgrid,58,0.21100726127938255,0.10235594333856875,0.31965857922019636
roll_0527,anchor_rts_fm,58,0.20954804557291162,0.0994880466432136,0.31960804450260966
roll_0527,final,58,0.20940579371540183,0.09920354292819401,0.31960804450260966
roll_0610,april_mean,59,0.2305533592071211,0.1154738174433627,0.3456329009708795
roll_0610,novdec_mean,59,0.22916182221329418,0.1113899837480549,0.34693366067853343
roll_0610,anchor,59,0.21260502391877203,0.09926372957266082,0.32594631826488324
roll_0610,anchor_rts,59,0.21169562980607423,0.09949206741760482,0.32389919219454366
roll_0610,anchor_rts_fullgrid,59,0.21179999489623547,0.09926580888985266,0.3243341809026183
roll_0610,anchor_rts_fm,59,0.21082159362290645,0.09774399505126924,0.32389919219454366
roll_0610,final,59,0.21070701365125388,0.09751483510796408,0.32389919219454366
roll_0624,april_mean,59,0.22871517670690225,0.11472299269390272,0.34270736071990177
roll_0624,novdec_mean,59,0.2306687528931294,0.11605906629222036,0.34527843949403847
roll_0624,anchor,59,0.21239935411239969,0.10025543752187449,0.3245432707029249
roll_0624,anchor_rts,59,0.210606339443543,0.10126119548801148,0.31995148339907453
roll_0624,anchor_rts_fullgrid,59,0.21162683374151847,0.10136252338385723,0.32189114409917974
roll_0624,anchor_rts_fm,59,0.20999320658912551,0.1000349297791765,0.31995148339907453
roll_0624,final,59,0.2099615463726043,0.09997160934613408,0.31995148339907453
roll_0708,april_mean,59,0.22683481114489343,0.11166015351969599,0.34200946877009086
roll_0708,novdec_mean,59,0.2357484028769126,0.12713573315444304,0.34436107259938215
roll_0708,anchor,59,0.21126974279398103,0.10111444278608267,0.3214250428018794
roll_0708,anchor_rts,59,0.2091991869188054,0.1035105440641521,0.3148878297734587
roll_0708,anchor_rts_fullgrid,59,0.20818169646693221,0.0990795578627733,0.31728383507109115
roll_0708,anchor_rts_fm,59,0.20652051512546066,0.09815320047746261,0.3148878297734587
roll_0708,final,59,0.20644283008397515,0.09799783039449161,0.3148878297734587
roll_0722,april_mean,60,0.22281578987266407,0.11234749867012533,0.3332840810752028
roll_0722,novdec_mean,60,0.22420783307223696,0.11300960760265785,0.33540605854181604
roll_0722,anchor,60,0.20727142447123306,0.09981184231099649,0.31473100663146963
roll_0722,anchor_rts,60,0.20449330538960855,0.0981990073150061,0.310787603464211
roll_0722,anchor_rts_fullgrid,60,0.2049151758522755,0.09789191154335851,0.3119384401611925
roll_0722,anchor_rts_fm,60,0.2043182072231276,0.09784881098204415,0.310787603464211
roll_0722,final,60,0.20424984344468836,0.09771208342516567,0.310787603464211
roll_0805,april_mean,60,0.21524074518334502,0.10851477653989641,0.32196671382679365
roll_0805,novdec_mean,60,0.23353836114219556,0.11860004014840055,0.3484766821359906
roll_0805,anchor,60,0.2051654526225907,0.09944860839379739,0.310882296851384
roll_0805,anchor_rts,60,0.20332157787089827,0.09884846250865356,0.307794693233143
roll_0805,anchor_rts_fullgrid,60,0.20349768619342534,0.09849673505919698,0.3084986373276537
roll_0805,anchor_rts_fm,60,0.20296608399033486,0.0981374747475267,0.307794693233143
roll_0805,final,60,0.20287280280874914,0.0979509123843553,0.307794693233143
roll_0819,april_mean,60,0.21915230502066585,0.10935985510742532,0.32894475493390635
roll_0819,novdec_mean,60,0.23539334012780372,0.12575406445385343,0.345032615801754
roll_0819,anchor,60,0.2084299321734705,0.0988892206005986,0.3179706437463424
roll_0819,anchor_rts,60,0.20583161275135267,0.09937461341859909,0.31228861208410624
roll_0819,anchor_rts_fullgrid,60,0.20614651798009936,0.09924881181310644,0.31304422414709226
roll_0819,anchor_rts_fm,60,0.20628150338695128,0.10027439468979632,0.31228861208410624
roll_0819,final,60,0.2060696590382635,0.09985070599242075,0.31228861208410624
