gate,arm,window,value,ok,note
1_reference_matches_final,reference,may_jun,0.0,True,
3_files,reference,may_jun,,True,
3_files,torch_full,may_jun,,True,
4_offset,torch_full,may_jun,0.0012685265115766897,True,shift -1
4_offset,torch_full,may_jun,0.001793886007934481,True,shift +1
1_reference_matches_final,reference,late_jan,0.0,True,
3_files,reference,late_jan,,True,
3_files,torch_full,late_jan,,True,
1_reference_matches_final,reference,april,0.0,True,
3_files,reference,april,,True,
3_files,torch_full,april,,True,
4_offset,torch_full,april,0.002103307003462035,True,shift -1
4_offset,torch_full,april,0.0012334822423254177,True,shift +1
1_reference_matches_final,reference,january,0.0,True,
3_files,reference,january,,True,
3_files,torch_full,january,,True,
1_reference_matches_final,reference,roll_0429,0.0,True,
3_files,reference,roll_0429,,True,
3_files,torch_full,roll_0429,,True,
1_reference_matches_final,reference,roll_0513,0.0,True,
3_files,reference,roll_0513,,True,
3_files,torch_full,roll_0513,,True,
1_reference_matches_final,reference,roll_0527,0.0,True,
3_files,reference,roll_0527,,True,
3_files,torch_full,roll_0527,,True,
1_reference_matches_final,reference,roll_0610,0.0,True,
3_files,reference,roll_0610,,True,
3_files,torch_full,roll_0610,,True,
1_reference_matches_final,reference,roll_0624,0.0,True,
3_files,reference,roll_0624,,True,
3_files,torch_full,roll_0624,,True,
1_reference_matches_final,reference,roll_0708,0.0,True,
3_files,reference,roll_0708,,True,
3_files,torch_full,roll_0708,,True,
1_reference_matches_final,reference,roll_0722,0.0,True,
3_files,reference,roll_0722,,True,
3_files,torch_full,roll_0722,,True,
1_reference_matches_final,reference,roll_0805,0.0,True,
3_files,reference,roll_0805,,True,
3_files,torch_full,roll_0805,,True,
1_reference_matches_final,reference,roll_0819,0.0,True,
3_files,reference,roll_0819,,True,
3_files,torch_full,roll_0819,,True,
