window,arm,leg,available_context_days,cut_days,exactly_equal_to_full
may_jun,fwd14,fwd,30,14.0,False
may_jun,fwd14,bwd,123,,True
may_jun,fwd28,fwd,30,28.0,False
may_jun,fwd28,bwd,123,,True
may_jun,fwd56,fwd,30,56.0,True
may_jun,fwd56,bwd,123,,True
may_jun,bwd30,fwd,30,,True
may_jun,bwd30,bwd,123,30.0,False
may_jun,bwd60,fwd,30,,True
may_jun,bwd60,bwd,123,60.0,False
may_jun,bwd120,fwd,30,,True
may_jun,bwd120,bwd,123,120.0,False
late_jan,fwd14,fwd,83,14.0,False
late_jan,fwd14,bwd,214,,True
late_jan,fwd28,fwd,83,28.0,False
late_jan,fwd28,bwd,214,,True
late_jan,fwd56,fwd,83,56.0,False
late_jan,fwd56,bwd,214,,True
late_jan,bwd30,fwd,83,,True
late_jan,bwd30,bwd,214,30.0,False
late_jan,bwd60,fwd,83,,True
late_jan,bwd60,bwd,214,60.0,False
late_jan,bwd120,fwd,83,,True
late_jan,bwd120,bwd,214,120.0,False
april,fwd14,fwd,92,14.0,False
april,fwd14,bwd,184,,True
april,fwd28,fwd,92,28.0,False
april,fwd28,bwd,184,,True
april,fwd56,fwd,92,56.0,False
april,fwd56,bwd,184,,True
april,bwd30,fwd,92,,True
april,bwd30,bwd,184,30.0,False
april,bwd60,fwd,92,,True
april,bwd60,bwd,184,60.0,False
april,bwd120,fwd,92,,True
april,bwd120,bwd,184,120.0,False
january,fwd14,fwd,61,14.0,False
january,fwd14,bwd,214,,True
january,fwd28,fwd,61,28.0,False
january,fwd28,bwd,214,,True
january,fwd56,fwd,61,56.0,False
january,fwd56,bwd,214,,True
january,bwd30,fwd,61,,True
january,bwd30,bwd,214,30.0,False
january,bwd60,fwd,61,,True
january,bwd60,bwd,214,60.0,False
january,bwd120,fwd,61,,True
january,bwd120,bwd,214,120.0,False
roll_0429,fwd14,fwd,28,14.0,False
roll_0429,fwd14,bwd,126,,True
roll_0429,fwd28,fwd,28,28.0,True
roll_0429,fwd28,bwd,126,,True
roll_0429,fwd56,fwd,28,56.0,True
roll_0429,fwd56,bwd,126,,True
roll_0429,bwd30,fwd,28,,True
roll_0429,bwd30,bwd,126,30.0,False
roll_0429,bwd60,fwd,28,,True
roll_0429,bwd60,bwd,126,60.0,False
roll_0429,bwd120,fwd,28,,True
roll_0429,bwd120,bwd,126,120.0,False
roll_0513,fwd14,fwd,42,14.0,False
roll_0513,fwd14,bwd,112,,True
roll_0513,fwd28,fwd,42,28.0,False
roll_0513,fwd28,bwd,112,,True
roll_0513,fwd56,fwd,42,56.0,True
roll_0513,fwd56,bwd,112,,True
roll_0513,bwd30,fwd,42,,True
roll_0513,bwd30,bwd,112,30.0,False
roll_0513,bwd60,fwd,42,,True
roll_0513,bwd60,bwd,112,60.0,False
roll_0513,bwd120,fwd,42,,True
roll_0513,bwd120,bwd,112,120.0,True
roll_0527,fwd14,fwd,56,14.0,False
roll_0527,fwd14,bwd,98,,True
roll_0527,fwd28,fwd,56,28.0,False
roll_0527,fwd28,bwd,98,,True
roll_0527,fwd56,fwd,56,56.0,True
roll_0527,fwd56,bwd,98,,True
roll_0527,bwd30,fwd,56,,True
roll_0527,bwd30,bwd,98,30.0,False
roll_0527,bwd60,fwd,56,,True
roll_0527,bwd60,bwd,98,60.0,False
roll_0527,bwd120,fwd,56,,True
roll_0527,bwd120,bwd,98,120.0,True
roll_0610,fwd14,fwd,70,14.0,False
roll_0610,fwd14,bwd,84,,True
roll_0610,fwd28,fwd,70,28.0,False
roll_0610,fwd28,bwd,84,,True
roll_0610,fwd56,fwd,70,56.0,False
roll_0610,fwd56,bwd,84,,True
roll_0610,bwd30,fwd,70,,True
roll_0610,bwd30,bwd,84,30.0,False
roll_0610,bwd60,fwd,70,,True
roll_0610,bwd60,bwd,84,60.0,False
roll_0610,bwd120,fwd,70,,True
roll_0610,bwd120,bwd,84,120.0,True
roll_0624,fwd14,fwd,84,14.0,False
roll_0624,fwd14,bwd,70,,True
roll_0624,fwd28,fwd,84,28.0,False
roll_0624,fwd28,bwd,70,,True
roll_0624,fwd56,fwd,84,56.0,False
roll_0624,fwd56,bwd,70,,True
roll_0624,bwd30,fwd,84,,True
roll_0624,bwd30,bwd,70,30.0,False
roll_0624,bwd60,fwd,84,,True
roll_0624,bwd60,bwd,70,60.0,False
roll_0624,bwd120,fwd,84,,True
roll_0624,bwd120,bwd,70,120.0,True
roll_0708,fwd14,fwd,98,14.0,False
roll_0708,fwd14,bwd,56,,True
roll_0708,fwd28,fwd,98,28.0,False
roll_0708,fwd28,bwd,56,,True
roll_0708,fwd56,fwd,98,56.0,False
roll_0708,fwd56,bwd,56,,True
roll_0708,bwd30,fwd,98,,True
roll_0708,bwd30,bwd,56,30.0,False
roll_0708,bwd60,fwd,98,,True
roll_0708,bwd60,bwd,56,60.0,True
roll_0708,bwd120,fwd,98,,True
roll_0708,bwd120,bwd,56,120.0,True
roll_0722,fwd14,fwd,112,14.0,False
roll_0722,fwd14,bwd,42,,True
roll_0722,fwd28,fwd,112,28.0,False
roll_0722,fwd28,bwd,42,,True
roll_0722,fwd56,fwd,112,56.0,False
roll_0722,fwd56,bwd,42,,True
roll_0722,bwd30,fwd,112,,True
roll_0722,bwd30,bwd,42,30.0,False
roll_0722,bwd60,fwd,112,,True
roll_0722,bwd60,bwd,42,60.0,True
roll_0722,bwd120,fwd,112,,True
roll_0722,bwd120,bwd,42,120.0,True
roll_0805,fwd14,fwd,126,14.0,False
roll_0805,fwd14,bwd,28,,True
roll_0805,fwd28,fwd,126,28.0,False
roll_0805,fwd28,bwd,28,,True
roll_0805,fwd56,fwd,126,56.0,False
roll_0805,fwd56,bwd,28,,True
roll_0805,bwd30,fwd,126,,True
roll_0805,bwd30,bwd,28,30.0,True
roll_0805,bwd60,fwd,126,,True
roll_0805,bwd60,bwd,28,60.0,True
roll_0805,bwd120,fwd,126,,True
roll_0805,bwd120,bwd,28,120.0,True
roll_0819,fwd14,fwd,140,14.0,False
roll_0819,fwd14,bwd,14,,True
roll_0819,fwd28,fwd,140,28.0,False
roll_0819,fwd28,bwd,14,,True
roll_0819,fwd56,fwd,140,56.0,False
roll_0819,fwd56,bwd,14,,True
roll_0819,bwd30,fwd,140,,True
roll_0819,bwd30,bwd,14,30.0,True
roll_0819,bwd60,fwd,140,,True
roll_0819,bwd60,bwd,14,60.0,True
roll_0819,bwd120,fwd,140,,True
roll_0819,bwd120,bwd,14,120.0,True
