window,geometry,n_days,arm,reference,combined,pct_better,diag_reference,diag,off
may_jun,adjacent,60,fwd14,0.2029103538355695,0.20326202889128,-0.1733154809810733,0.0870683119270916,0.0877716620385127,0.3187523957440474
late_jan,"adjacent,trend",7,fwd14,0.205483412161002,0.2030681365730367,1.1754114663391158,0.0927143320903027,0.0878837809143722,0.3182524922317013
april,trend,28,fwd14,0.2030292134102445,0.2034691550691352,-0.2166888456597293,0.089681480437562,0.0905613637553433,0.316376946382927
january,shock,28,fwd14,0.3365349492323122,0.3388804296758463,-0.6969500341300394,0.2270996573970958,0.2317906182841637,0.4459702410675289
roll_0429,stable,59,fwd14,0.2035266418424256,0.2041197388492692,-0.291410009753279,0.0870873888683013,0.0882735828819884,0.31996589481655
roll_0513,stable,58,fwd14,0.2074215653946562,0.2086722110400771,-0.6029487064381778,0.0975675421692118,0.1000688334600537,0.3172755886201006
roll_0527,stable,58,fwd14,0.209405793937726,0.2104586178609734,-0.5027673320063597,0.0992035433728423,0.1013091912193372,0.3196080445026096
roll_0610,stable,59,fwd14,0.2107070134902698,0.211327466463084,-0.2944624208452762,0.0975148347859958,0.0987557407316242,0.3238991921945436
roll_0624,stable,59,fwd14,0.2099615462560411,0.2107832039142554,-0.3913372104872747,0.0999716091130076,0.1016149244294363,0.3199514833990745
roll_0708,stable,59,fwd14,0.2064428288981755,0.2071269998359152,-0.3314093986171551,0.0979978280228924,0.0993661698983717,0.3148878297734587
roll_0722,stable,60,fwd14,0.2042498447193928,0.2053106913555691,-0.5193867528436868,0.0977120859745745,0.0998337792469272,0.310787603464211
roll_0805,stable,60,fwd14,0.2028728019501583,0.2034490815748409,-0.2840595777960253,0.0979509106671737,0.0991034699165389,0.307794693233143
roll_0819,stable,60,fwd14,0.2060696582866426,0.2081518463920774,-1.0104292513255064,0.099850704489179,0.1040150807000486,0.3122886120841062
