window,date,arm,combined,nrmse_diag,nrmse_offdiag
may_jun,20240501,april_mean,0.2185045924589094,0.09087550384314794,0.34613368107467085
may_jun,20240502,april_mean,0.2284792807304245,0.08195024439354553,0.3750083170673035
may_jun,20240503,april_mean,0.2531101125326101,0.15333717513408252,0.3528830499311377
may_jun,20240504,april_mean,0.26116158385900035,0.1387783741852272,0.38354479353277343
may_jun,20240505,april_mean,0.28290802882071336,0.18249953846862946,0.3833165191727973
may_jun,20240506,april_mean,0.25163540838619003,0.12912421843099534,0.37414659834138475
may_jun,20240507,april_mean,0.2282759073006407,0.10766352192321958,0.3488882926780618
may_jun,20240508,april_mean,0.20553821759606036,0.09151561778422797,0.31956081740789277
may_jun,20240509,april_mean,0.2311014935849846,0.09502573181124188,0.36717725535872736
may_jun,20240510,april_mean,0.22268697610628518,0.08574628737157153,0.35962766484099884
may_jun,20240511,april_mean,0.2213674076550248,0.10323249846331488,0.3395023168467347
may_jun,20240512,april_mean,0.2415247549208773,0.12874373547548063,0.354305774366274
may_jun,20240513,april_mean,0.20130187616686712,0.09087211757204969,0.3117316347616846
may_jun,20240514,april_mean,0.20986837759485508,0.09569494503958355,0.3240418101501266
may_jun,20240515,april_mean,0.2247919705132171,0.09314387512206015,0.35644006590437405
may_jun,20240516,april_mean,0.20329618020008602,0.09347913641078624,0.3131132239893858
may_jun,20240517,april_mean,0.20066160089743285,0.09501467230718444,0.3063085294876812
may_jun,20240518,april_mean,0.2527917597738564,0.1315745785885491,0.3740089409591636
may_jun,20240519,april_mean,0.26023973896556224,0.12370202146395032,0.39677745646717416
may_jun,20240520,april_mean,0.1975177671378206,0.08170426626854588,0.3133312680070953
may_jun,20240521,april_mean,0.21564636543562082,0.08967932967962315,0.3416134011916185
may_jun,20240522,april_mean,0.20990938825753533,0.11093951842662747,0.3088792580884432
may_jun,20240523,april_mean,0.20379408338838617,0.08360723770816669,0.32398092906860565
may_jun,20240524,april_mean,0.1978827891841839,0.08761730540161236,0.3081482729667554
may_jun,20240525,april_mean,0.21665374533647155,0.10508742172676018,0.32822006894618294
may_jun,20240526,april_mean,0.27637582289771645,0.15664406021614893,0.39610758557928394
may_jun,20240527,april_mean,0.205270177780533,0.09975913022813317,0.31078122533293284
may_jun,20240528,april_mean,0.17756232419400064,0.08100643230278612,0.27411821608521514
may_jun,20240530,april_mean,0.22280071424921516,0.10916846116552095,0.3364329673329094
may_jun,20240531,april_mean,0.21046551348473136,0.08467070008360358,0.3362603268858591
may_jun,20240601,april_mean,0.21718180780314392,0.11553214852156046,0.31883146708472737
may_jun,20240602,april_mean,0.24457429371089429,0.12387800300628521,0.36527058441550336
may_jun,20240603,april_mean,0.22826659721425818,0.10650823628158343,0.3500249581469329
may_jun,20240604,april_mean,0.21894113527257725,0.0963331582824185,0.341549112262736
may_jun,20240605,april_mean,0.2162854864362222,0.09055293191701044,0.3420180409554339
may_jun,20240606,april_mean,0.20781213326791403,0.09252520520630975,0.3230990613295183
may_jun,20240607,april_mean,0.2097898761099463,0.07853875989167512,0.34104099232821744
may_jun,20240608,april_mean,0.22746574850828383,0.11882797368878781,0.3361035233277799
may_jun,20240609,april_mean,0.23555775323974798,0.11648226309424817,0.35463324338524777
may_jun,20240610,april_mean,0.22635396185074322,0.1032380478522808,0.34946987584920564
may_jun,20240611,april_mean,0.2151842983818404,0.10058226504048509,0.32978633172319566
may_jun,20240612,april_mean,0.22373985756664735,0.10616514020608626,0.34131457492720846
may_jun,20240613,april_mean,0.19989612328042886,0.09068778585112502,0.3091044607097327
may_jun,20240614,april_mean,0.21471907877129234,0.09854221622915006,0.33089594131343464
may_jun,20240615,april_mean,0.2085111867689598,0.11896494493628006,0.29805742860163953
may_jun,20240616,april_mean,0.22939946119633617,0.11498718786633098,0.34381173452634134
may_jun,20240617,april_mean,0.21012962800852888,0.10151871708450023,0.31874053893255755
may_jun,20240618,april_mean,0.20988491470269152,0.08941249070496637,0.33035733870041667
may_jun,20240619,april_mean,0.21249841201562222,0.11256723757949039,0.31242958645175406
may_jun,20240620,april_mean,0.20633502480335308,0.09306101448715978,0.3196090351195464
may_jun,20240621,april_mean,0.19957238410659955,0.07859597135338678,0.32054879685981236
may_jun,20240622,april_mean,0.20954686987970653,0.09437528538125833,0.3247184543781547
may_jun,20240623,april_mean,0.24320373842421375,0.1036205590246339,0.3827869178237936
may_jun,20240624,april_mean,0.20937126974250045,0.09182814358578688,0.326914395899214
may_jun,20240625,april_mean,0.21000975092823027,0.1057112175056422,0.3143082843508183
may_jun,20240626,april_mean,0.23060154511907216,0.10119455155120602,0.36000853868693833
may_jun,20240627,april_mean,0.21488283178604,0.11489407439887675,0.31487158917320324
may_jun,20240628,april_mean,0.2011920518987458,0.08638385798068954,0.3160002458168021
may_jun,20240629,april_mean,0.2195921677123025,0.10271765697808666,0.33646667844651834
may_jun,20240630,april_mean,0.25304926540370454,0.11175479307101328,0.3943437377363958
may_jun,20240501,novdec_mean,0.23909755356351384,0.11451988723281714,0.36367521989421053
may_jun,20240502,novdec_mean,0.2328822189103782,0.07899315622267732,0.38677128159807905
may_jun,20240503,novdec_mean,0.22553603526680338,0.11930077983098117,0.3317712907026256
may_jun,20240504,novdec_mean,0.2339773993110831,0.11542839448479099,0.35252640413737524
may_jun,20240505,novdec_mean,0.2533546734976593,0.14633689734320743,0.36037244965211107
may_jun,20240506,novdec_mean,0.2275497980353768,0.10529019038844036,0.3498094056823133
may_jun,20240507,novdec_mean,0.2499781790705797,0.13282054928788772,0.3671358088532717
may_jun,20240508,novdec_mean,0.22412326452426318,0.11869809837691467,0.3295484306716117
may_jun,20240509,novdec_mean,0.2506669471723223,0.11584387659126955,0.385490017753375
may_jun,20240510,novdec_mean,0.23569766218582697,0.09585882548535897,0.375536498886295
may_jun,20240511,novdec_mean,0.20602287579529813,0.07567274273957586,0.3363730088510204
may_jun,20240512,novdec_mean,0.22508551383897837,0.10678275115080771,0.34338827652714904
may_jun,20240513,novdec_mean,0.21505209456329694,0.10394628732434757,0.3261579018022463
may_jun,20240514,novdec_mean,0.2221410989775372,0.11358468425184295,0.3306975137032314
may_jun,20240515,novdec_mean,0.241706829776896,0.10868969624644982,0.3747239633073422
may_jun,20240516,novdec_mean,0.20816111040785526,0.1059990702511708,0.31032315056453974
may_jun,20240517,novdec_mean,0.19529596348730088,0.08906761858492876,0.30152430838967303
may_jun,20240518,novdec_mean,0.23677191722556876,0.10425567253439418,0.36928816191674335
may_jun,20240519,novdec_mean,0.22991772837460395,0.09630975316263132,0.3635257035865766
may_jun,20240520,novdec_mean,0.22517674704156304,0.09937836316815697,0.3509751309149691
may_jun,20240521,novdec_mean,0.23801965085978982,0.11595340260866127,0.3600858991109184
may_jun,20240522,novdec_mean,0.22757129422626837,0.12731580238412724,0.3278267860684095
may_jun,20240523,novdec_mean,0.20578893272893772,0.10891059480457256,0.3026672706533029
may_jun,20240524,novdec_mean,0.2220477133070069,0.1118929482035116,0.3322024784105022
may_jun,20240525,novdec_mean,0.21437885825515454,0.09456723289060905,0.33419048361970005
may_jun,20240526,novdec_mean,0.24928400054940542,0.12393808513079557,0.37462991596801526
may_jun,20240527,novdec_mean,0.22529618287902003,0.12224653309987303,0.328345832658167
may_jun,20240528,novdec_mean,0.20203796807270305,0.10370753563694529,0.3003684005084608
may_jun,20240530,novdec_mean,0.22257848597301433,0.12066070300517204,0.32449626894085665
may_jun,20240531,novdec_mean,0.23034883751902924,0.10962343943109062,0.3510742356069678
may_jun,20240601,novdec_mean,0.21520580037131443,0.09598091117362359,0.3344306895690053
may_jun,20240602,novdec_mean,0.23473743299353872,0.10843148654551332,0.3610433794415641
may_jun,20240603,novdec_mean,0.22925286969198921,0.13541085543724918,0.32309488394672925
may_jun,20240604,novdec_mean,0.2449069596429686,0.12857903020176428,0.3612348890841729
may_jun,20240605,novdec_mean,0.22789074193062722,0.10771379396801634,0.3480676898932381
may_jun,20240606,novdec_mean,0.22526254162232046,0.12753250923403261,0.3229925740106083
may_jun,20240607,novdec_mean,0.2176977367305578,0.09082193678195055,0.34457353667916507
may_jun,20240608,novdec_mean,0.21590556809483374,0.10489290650128395,0.3269182296883835
may_jun,20240609,novdec_mean,0.232217117747422,0.10904248627273806,0.355391749222106
may_jun,20240610,novdec_mean,0.2359306812915835,0.12733189376097287,0.34452946882219415
may_jun,20240611,novdec_mean,0.23709012268805982,0.13632351286121014,0.3378567325149095
may_jun,20240612,novdec_mean,0.2381989319282041,0.13371706550338897,0.34268079835301923
may_jun,20240613,novdec_mean,0.2244086290063295,0.11945993105757084,0.3293573269550881
may_jun,20240614,novdec_mean,0.23458326326798415,0.11728361333841403,0.35188291319755427
may_jun,20240615,novdec_mean,0.21560941530632072,0.10164216069192629,0.32957666992071516
may_jun,20240616,novdec_mean,0.22886663642211824,0.11348862124832473,0.3442446515959117
may_jun,20240617,novdec_mean,0.22743505399956912,0.1323530658347402,0.322517042164398
may_jun,20240618,novdec_mean,0.23252112571087508,0.12000905720071757,0.34503319422103257
may_jun,20240619,novdec_mean,0.22985493502708615,0.14035520674034938,0.31935466331382295
may_jun,20240620,novdec_mean,0.23494228013900234,0.12493357972715623,0.34495098055084844
may_jun,20240621,novdec_mean,0.2221081454436276,0.09682102594169258,0.34739526494556267
may_jun,20240622,novdec_mean,0.20843879610438945,0.08811741888619011,0.3287601733225888
may_jun,20240623,novdec_mean,0.24556965726862473,0.11369436411625031,0.3774449504209992
may_jun,20240624,novdec_mean,0.23176179852851816,0.11998285938616893,0.3435407376708674
may_jun,20240625,novdec_mean,0.2507487274891166,0.14394143159544912,0.357556023382784
may_jun,20240626,novdec_mean,0.26351922643751596,0.1335791942262273,0.39345925864880466
may_jun,20240627,novdec_mean,0.23764825655535868,0.1394545730881438,0.33584194002257356
may_jun,20240628,novdec_mean,0.23227156923862335,0.11466580805289786,0.3498773304243488
may_jun,20240629,novdec_mean,0.23203225883499212,0.10290817930740886,0.3611563383625754
may_jun,20240630,novdec_mean,0.24552637274213407,0.10345317759981447,0.38759956788445366
may_jun,20240501,anchor,0.22275441144891345,0.0932589152646856,0.3522499076331413
may_jun,20240502,anchor,0.22393644177050098,0.07292078651748983,0.3749520970235121
may_jun,20240503,anchor,0.24244344576737276,0.13270851589525412,0.3521783756394914
may_jun,20240504,anchor,0.22341234908347668,0.10565704160475252,0.3411676565622008
may_jun,20240505,anchor,0.22250440316256317,0.11534122730539996,0.3296675790197264
may_jun,20240506,anchor,0.23067466789175184,0.11712980635474007,0.3442195294287636
may_jun,20240507,anchor,0.22226923970050963,0.09884245400347336,0.3456960253975459
may_jun,20240508,anchor,0.19540114320127874,0.08321191055215942,0.30759037585039806
may_jun,20240509,anchor,0.2218989778528265,0.08960252008595852,0.35419543561969447
may_jun,20240510,anchor,0.2188153359090522,0.08492040315790889,0.3527102686601955
may_jun,20240511,anchor,0.1955757463201016,0.07030608937834593,0.3208454032618573
may_jun,20240512,anchor,0.18918514774499712,0.0872263969121813,0.2911438985778129
may_jun,20240513,anchor,0.20425887661578596,0.0868935850778162,0.3216241681537557
may_jun,20240514,anchor,0.20612117626473964,0.09434488094125905,0.31789747158822024
may_jun,20240515,anchor,0.2131883777672121,0.08663316015609027,0.339743595378334
may_jun,20240516,anchor,0.1945600962754016,0.08585420855103584,0.30326598399976734
may_jun,20240517,anchor,0.197804281186743,0.09221373116125027,0.30339483121223576
may_jun,20240518,anchor,0.22147373505582318,0.09087610160124585,0.35207136851040055
may_jun,20240519,anchor,0.1963958990836038,0.08552187288271025,0.30726992528449737
may_jun,20240520,anchor,0.20464949436590876,0.07883778675195698,0.33046120197986056
may_jun,20240521,anchor,0.20404989041318958,0.07702764441280867,0.3310721364135705
may_jun,20240522,anchor,0.20543739100337338,0.10358406459956454,0.3072907174071822
may_jun,20240523,anchor,0.1865970054075225,0.07571995118144614,0.29747405963359885
may_jun,20240524,anchor,0.1960895582552874,0.08449270006519408,0.30768641644538075
may_jun,20240525,anchor,0.19406945430102615,0.08159381436903988,0.3065450942330124
may_jun,20240526,anchor,0.21250895738798828,0.1083724776313605,0.31664543714461607
may_jun,20240527,anchor,0.2031819293511849,0.09694930268312572,0.30941455601924406
may_jun,20240528,anchor,0.18015987366458625,0.07442011014051239,0.2858996371886601
may_jun,20240530,anchor,0.21362526966478346,0.10385334150293676,0.3233971978266302
may_jun,20240531,anchor,0.2112647472567433,0.08222379352458616,0.34030570098890045
may_jun,20240601,anchor,0.19774448412919468,0.08880198327339954,0.3066869849849898
may_jun,20240602,anchor,0.19371649002101327,0.0930622810945477,0.2943706989474788
may_jun,20240603,anchor,0.22263700275291443,0.10283384070475537,0.3424401648010735
may_jun,20240604,anchor,0.21068126742937357,0.08383043885851875,0.3375320960002284
may_jun,20240605,anchor,0.21041395154862658,0.08209836959966912,0.33872953349758406
may_jun,20240606,anchor,0.2000435255335979,0.08056318875920446,0.3195238623079913
may_jun,20240607,anchor,0.21117207393544044,0.08014023848147254,0.3422039093894083
may_jun,20240608,anchor,0.2047375398665734,0.08839308449321866,0.32108199523992814
may_jun,20240609,anchor,0.19292623785998894,0.09568656105526703,0.29016591466471087
may_jun,20240610,anchor,0.22312848430347762,0.1008703180974755,0.34538665050947975
may_jun,20240611,anchor,0.2055942093367364,0.08834714403397956,0.3228412746394932
may_jun,20240612,anchor,0.21462748213028865,0.089301624486953,0.3399533397736243
may_jun,20240613,anchor,0.19250876128006583,0.08477267067535924,0.3002448518847724
may_jun,20240614,anchor,0.21778075232332988,0.09700412796696534,0.33855737667969443
may_jun,20240615,anchor,0.18659764842171286,0.0929939118267175,0.2802013850167082
may_jun,20240616,anchor,0.202759737005222,0.0977927024614086,0.30772677154903544
may_jun,20240617,anchor,0.20899623647901433,0.09720980831823647,0.32078266463979216
may_jun,20240618,anchor,0.20381585867184573,0.07728726246391539,0.3303444548797761
may_jun,20240619,anchor,0.2029036233157524,0.09687958512178425,0.30892766150972056
may_jun,20240620,anchor,0.2021632366999022,0.08227245213554109,0.3220540212642633
may_jun,20240621,anchor,0.2006817377449675,0.07844822342982036,0.3229152520601147
may_jun,20240622,anchor,0.18999383897515282,0.07750885460370217,0.3024788233466035
may_jun,20240623,anchor,0.19718234287970554,0.10121653067045429,0.2931481550889568
may_jun,20240624,anchor,0.20304803133499466,0.0858319723001242,0.32026409036986514
may_jun,20240625,anchor,0.19356666795965952,0.08280231796629704,0.304331017953022
may_jun,20240626,anchor,0.21604076770220576,0.08833804715801272,0.34374348824639883
may_jun,20240627,anchor,0.21097596093338442,0.10465408933731357,0.31729783252945526
may_jun,20240628,anchor,0.1979013871420981,0.08636358453419435,0.30943918975000184
may_jun,20240629,anchor,0.20579375957185847,0.08742787130421063,0.3241596478395063
may_jun,20240630,anchor,0.1985746812068561,0.08510611039141493,0.31204325202229727
may_jun,20240501,anchor_rts,0.21807197594653407,0.09348226869648023,0.3426616831965879
may_jun,20240502,anchor_rts,0.22233265202333424,0.07273172317243588,0.3719335808742326
may_jun,20240503,anchor_rts,0.23370956558151945,0.12975098540954208,0.3376681457534968
may_jun,20240504,anchor_rts,0.22209340296390132,0.10618448389193834,0.3380023220358643
may_jun,20240505,anchor_rts,0.21694164038686675,0.11316416631350472,0.32071911446022877
may_jun,20240506,anchor_rts,0.22826682472291215,0.11662131536512561,0.3399123340806987
may_jun,20240507,anchor_rts,0.2217771387681115,0.1033675031620166,0.3401867743742064
may_jun,20240508,anchor_rts,0.19793488900873846,0.08561499774677407,0.31025478027070286
may_jun,20240509,anchor_rts,0.22579974215143617,0.09195816918925596,0.35964131511361636
may_jun,20240510,anchor_rts,0.2178154589931314,0.08607114505999046,0.3495597729262723
may_jun,20240511,anchor_rts,0.1963913027167648,0.06910157816229819,0.32368102727123144
may_jun,20240512,anchor_rts,0.19027539528051146,0.08565477733031755,0.29489601323070536
may_jun,20240513,anchor_rts,0.20196024258831136,0.08671211998996194,0.3172083651866608
may_jun,20240514,anchor_rts,0.20588520926424142,0.09494481591364039,0.31682560261484244
may_jun,20240515,anchor_rts,0.211414035933076,0.08528291433489368,0.3375451575312583
may_jun,20240516,anchor_rts,0.19194136600771572,0.08516436737919816,0.2987183646362333
may_jun,20240517,anchor_rts,0.19399311255362317,0.08946157684761083,0.2985246482596355
may_jun,20240518,anchor_rts,0.21829669421221742,0.09025986304149622,0.3463335253829386
may_jun,20240519,anchor_rts,0.19375118330511187,0.08547914678923046,0.3020232198209933
may_jun,20240520,anchor_rts,0.20321151113661137,0.0774776820760591,0.32894534019716365
may_jun,20240521,anchor_rts,0.20236952061056365,0.07666180091770002,0.3280772403034273
may_jun,20240522,anchor_rts,0.2024474992445786,0.09941440042200941,0.30548059806714783
may_jun,20240523,anchor_rts,0.18734443792374805,0.07578829093180403,0.29890058491569205
may_jun,20240524,anchor_rts,0.19513934057139182,0.08578221856493408,0.30449646257784957
may_jun,20240525,anchor_rts,0.1953811129803181,0.08333131816822363,0.30743090779241256
may_jun,20240526,anchor_rts,0.2108307889920285,0.10828520647380592,0.3133763715102511
may_jun,20240527,anchor_rts,0.20131854560442738,0.0940339999352909,0.3086030912735639
may_jun,20240528,anchor_rts,0.17599254752813448,0.07458435651022939,0.2774007385460396
may_jun,20240530,anchor_rts,0.21088839001173643,0.10048262664555094,0.3212941533779219
may_jun,20240531,anchor_rts,0.20696071871751087,0.07926909688504927,0.3346523405499725
may_jun,20240601,anchor_rts,0.19834283600672656,0.08877213514125502,0.3079135368721981
may_jun,20240602,anchor_rts,0.1926916548544545,0.09040932865064337,0.2949739810582656
may_jun,20240603,anchor_rts,0.21933663075177734,0.09811708263873009,0.3405561788648246
may_jun,20240604,anchor_rts,0.20909269026340854,0.08406728724828463,0.3341180932785325
may_jun,20240605,anchor_rts,0.2055473477015018,0.07985527360651995,0.33123942179648364
may_jun,20240606,anchor_rts,0.19646282661466138,0.07706871658530147,0.3158569366440213
may_jun,20240607,anchor_rts,0.20540824347803247,0.07806400449535773,0.3327524824607072
may_jun,20240608,anchor_rts,0.20286976340467877,0.09258832669445566,0.3131512001149019
may_jun,20240609,anchor_rts,0.19335947765853145,0.09432091401829737,0.29239804129876557
may_jun,20240610,anchor_rts,0.21884785975895643,0.09410187760373855,0.3435938419141743
may_jun,20240611,anchor_rts,0.1995479910463678,0.08459048122861774,0.3145055008641179
may_jun,20240612,anchor_rts,0.20757377490918197,0.0834574016692912,0.3316901481490727
may_jun,20240613,anchor_rts,0.19209539451538432,0.08386959071001572,0.30032119832075294
may_jun,20240614,anchor_rts,0.21193118073832945,0.09056467373241653,0.3332976877442424
may_jun,20240615,anchor_rts,0.1863280572005259,0.09562581401752036,0.27703030038353144
may_jun,20240616,anchor_rts,0.20234288975028436,0.09661536157486131,0.30807041792570744
may_jun,20240617,anchor_rts,0.2012818138445303,0.0880242433238446,0.314539384365216
may_jun,20240618,anchor_rts,0.2004409383013739,0.07487765238647313,0.3260042242162747
may_jun,20240619,anchor_rts,0.19796232356537335,0.09135350695622377,0.3045711401745229
may_jun,20240620,anchor_rts,0.19824519783025582,0.07727120828761634,0.3192191873728953
may_jun,20240621,anchor_rts,0.19750560944664475,0.0774457593378536,0.3175654595554359
may_jun,20240622,anchor_rts,0.18907444846053753,0.07976364160874476,0.2983852553123303
may_jun,20240623,anchor_rts,0.19200841459781942,0.09532003664062941,0.2886967925550094
may_jun,20240624,anchor_rts,0.1961377530819614,0.08070191925969832,0.3115735869042245
may_jun,20240625,anchor_rts,0.18777817211495443,0.07303512889750952,0.30252121533239934
may_jun,20240626,anchor_rts,0.2122220991050332,0.08410017374330891,0.3403440244667575
may_jun,20240627,anchor_rts,0.2065470373113281,0.09947663803773606,0.31361743658492014
may_jun,20240628,anchor_rts,0.19192068135892212,0.07977588872359563,0.3040654739942486
may_jun,20240629,anchor_rts,0.20606136406567382,0.09033405383980396,0.3217886742915437
may_jun,20240630,anchor_rts,0.20222499969827396,0.08862065370162997,0.31582934569491794
may_jun,20240501,anchor_rts_fullgrid,0.22782565447318878,0.10594318115733033,0.34970812778904725
may_jun,20240502,anchor_rts_fullgrid,0.22971953702432618,0.07626807287761815,0.3831710011710342
may_jun,20240503,anchor_rts_fullgrid,0.22478970353764377,0.1207504705608271,0.32882893651446043
may_jun,20240504,anchor_rts_fullgrid,0.22075629408975941,0.1057520795968694,0.33576050858264944
may_jun,20240505,anchor_rts_fullgrid,0.21511207547330724,0.1091767900028128,0.3210473609438017
may_jun,20240506,anchor_rts_fullgrid,0.21877138341651473,0.10698286958263119,0.33055989725039825
may_jun,20240507,anchor_rts_fullgrid,0.23359342508543215,0.11589374687478536,0.35129310329607893
may_jun,20240508,anchor_rts_fullgrid,0.20966956976058182,0.09898063304954785,0.3203585064716158
may_jun,20240509,anchor_rts_fullgrid,0.2367189305180903,0.10279189310134516,0.3706459679348354
may_jun,20240510,anchor_rts_fullgrid,0.22681203117075222,0.09461635097584109,0.35900771136566334
may_jun,20240511,anchor_rts_fullgrid,0.19870832786456968,0.07216106267493994,0.32525559305419943
may_jun,20240512,anchor_rts_fullgrid,0.188925005660657,0.08507987147536072,0.2927701398459533
may_jun,20240513,anchor_rts_fullgrid,0.20975376031943446,0.09465339657276652,0.3248541240661024
may_jun,20240514,anchor_rts_fullgrid,0.20800766717348634,0.09593460830759162,0.3200807260393811
may_jun,20240515,anchor_rts_fullgrid,0.21666703562987524,0.08884549900619741,0.34448857225355306
may_jun,20240516,anchor_rts_fullgrid,0.19494959431745093,0.09164485041105554,0.29825433822384634
may_jun,20240517,anchor_rts_fullgrid,0.19252097895047166,0.08776921281149311,0.29727274508945023
may_jun,20240518,anchor_rts_fullgrid,0.21774517292053144,0.08819258940090206,0.3472977564401608
may_jun,20240519,anchor_rts_fullgrid,0.19313550705165905,0.08467119334361019,0.3015998207597079
may_jun,20240520,anchor_rts_fullgrid,0.21045414696294398,0.08398266093139288,0.3369256329944951
may_jun,20240521,anchor_rts_fullgrid,0.21067711561896008,0.08672140045032709,0.33463283078759304
may_jun,20240522,anchor_rts_fullgrid,0.20448835114224193,0.10182061105393338,0.3071560912305505
may_jun,20240523,anchor_rts_fullgrid,0.192626418914731,0.08353493354095909,0.3017179042885029
may_jun,20240524,anchor_rts_fullgrid,0.20091954054097005,0.09405707191386375,0.30778200916807635
may_jun,20240525,anchor_rts_fullgrid,0.19535309540146706,0.0848325119100591,0.30587367889287503
may_jun,20240526,anchor_rts_fullgrid,0.20862192831411008,0.10449763230585622,0.31274622432236393
may_jun,20240527,anchor_rts_fullgrid,0.20873610188232505,0.105124711173203,0.3123474925914471
may_jun,20240528,anchor_rts_fullgrid,0.17550378384825993,0.07541306349867997,0.2755945041978399
may_jun,20240530,anchor_rts_fullgrid,0.2119250617036818,0.10303929895966091,0.3208108244477027
may_jun,20240531,anchor_rts_fullgrid,0.21000776507904603,0.08676767214046775,0.3332478580176243
may_jun,20240601,anchor_rts_fullgrid,0.19774685026559582,0.08621027522180287,0.3092834253093888
may_jun,20240602,anchor_rts_fullgrid,0.1928878421366677,0.09112053283719326,0.2946551514361421
may_jun,20240603,anchor_rts_fullgrid,0.22491166187308714,0.10890994721398692,0.3409133765321874
may_jun,20240604,anchor_rts_fullgrid,0.2129521399301288,0.0911354826613338,0.3347687971989238
may_jun,20240605,anchor_rts_fullgrid,0.20448575880845898,0.07986276250106324,0.32910875511585475
may_jun,20240606,anchor_rts_fullgrid,0.20019076143500192,0.08631128806369961,0.31407023480630425
may_jun,20240607,anchor_rts_fullgrid,0.2032074579881787,0.07588347904689592,0.3305314369294615
may_jun,20240608,anchor_rts_fullgrid,0.20025943070056518,0.08944411126734204,0.3110747501337883
may_jun,20240609,anchor_rts_fullgrid,0.1929140287653573,0.09479236580797407,0.2910356917227405
may_jun,20240610,anchor_rts_fullgrid,0.22222107326802382,0.10391813123857323,0.3405240152974744
may_jun,20240611,anchor_rts_fullgrid,0.20439649997137968,0.09217305668145226,0.3166199432613071
may_jun,20240612,anchor_rts_fullgrid,0.2118394062088304,0.09345651245848684,0.33022229995917396
may_jun,20240613,anchor_rts_fullgrid,0.19174593488198433,0.08654326964296888,0.2969486001209998
may_jun,20240614,anchor_rts_fullgrid,0.2129969807247009,0.09547586141032643,0.3305181000390754
may_jun,20240615,anchor_rts_fullgrid,0.18488823314820252,0.09116471413424343,0.2786117521621616
may_jun,20240616,anchor_rts_fullgrid,0.2026683323523478,0.09693682784733937,0.3083998368573562
may_jun,20240617,anchor_rts_fullgrid,0.20632739376198916,0.09924523242111438,0.31340955510286395
may_jun,20240618,anchor_rts_fullgrid,0.20034175867416815,0.07695522414656464,0.32372829320177166
may_jun,20240619,anchor_rts_fullgrid,0.1991694504610993,0.09837316465644151,0.29996573626575707
may_jun,20240620,anchor_rts_fullgrid,0.2006161568546036,0.08305278662355439,0.31817952708565284
may_jun,20240621,anchor_rts_fullgrid,0.19712850196286935,0.07635274916932924,0.3179042547564095
may_jun,20240622,anchor_rts_fullgrid,0.1881871615534039,0.07825600340734924,0.29811831969945857
may_jun,20240623,anchor_rts_fullgrid,0.19461260140902817,0.09781860145032416,0.29140660136773217
may_jun,20240624,anchor_rts_fullgrid,0.19850605526749576,0.08502488104128302,0.3119872294937085
may_jun,20240625,anchor_rts_fullgrid,0.19572015699204498,0.08485397519253715,0.3065863387915528
may_jun,20240626,anchor_rts_fullgrid,0.21325453781483633,0.08590530286021446,0.3406037727694582
may_jun,20240627,anchor_rts_fullgrid,0.20530230186394868,0.10044161115965261,0.31016299256824476
may_jun,20240628,anchor_rts_fullgrid,0.19469460510368192,0.08188587281452679,0.30750333739283703
may_jun,20240629,anchor_rts_fullgrid,0.20409781537037716,0.0858385964699346,0.32235703427081974
may_jun,20240630,anchor_rts_fullgrid,0.20232632997950808,0.08576477230921159,0.3188878876498046
may_jun,20240501,anchor_rts_eb,0.2175555651383086,0.09244944708002929,0.3426616831965879
may_jun,20240502,anchor_rts_eb,0.22204500408324723,0.07215642729226183,0.3719335808742326
may_jun,20240503,anchor_rts_eb,0.23203139771479114,0.12639464967608546,0.3376681457534968
may_jun,20240504,anchor_rts_eb,0.2223085466709823,0.10661477130610032,0.3380023220358643
may_jun,20240505,anchor_rts_eb,0.21589224146025837,0.11106536846028797,0.32071911446022877
may_jun,20240506,anchor_rts_eb,0.22830413547363404,0.1166959368665694,0.3399123340806987
may_jun,20240507,anchor_rts_eb,0.22048834626607045,0.10078991815793448,0.3401867743742064
may_jun,20240508,anchor_rts_eb,0.1971632868819838,0.08407179349326475,0.31025478027070286
may_jun,20240509,anchor_rts_eb,0.2252529545659918,0.09086459401836729,0.3596413151136163
may_jun,20240510,anchor_rts_eb,0.21806386685742013,0.08656796078856795,0.3495597729262723
may_jun,20240511,anchor_rts_eb,0.1969398697610647,0.07019871225089797,0.32368102727123144
may_jun,20240512,anchor_rts_eb,0.1898191017002217,0.08474219016973804,0.29489601323070536
may_jun,20240513,anchor_rts_eb,0.20178725513692033,0.08636614508717987,0.3172083651866608
may_jun,20240514,anchor_rts_eb,0.20566531105322072,0.094505019491599,0.31682560261484244
may_jun,20240515,anchor_rts_eb,0.21087887126796612,0.08421258500467393,0.3375451575312583
may_jun,20240516,anchor_rts_eb,0.1913137781431099,0.0839091916499865,0.2987183646362333
may_jun,20240517,anchor_rts_eb,0.1929639782835055,0.08740330830737553,0.2985246482596355
may_jun,20240518,anchor_rts_eb,0.21758612961029802,0.08883873383765746,0.3463335253829386
may_jun,20240519,anchor_rts_eb,0.19389978672972022,0.08577635363844717,0.3020232198209933
may_jun,20240520,anchor_rts_eb,0.20307410009146387,0.07720285998576411,0.32894534019716365
may_jun,20240521,anchor_rts_eb,0.20171242717829607,0.07534761405316487,0.3280772403034273
may_jun,20240522,anchor_rts_eb,0.20155298529537347,0.09762537252359907,0.30548059806714783
may_jun,20240523,anchor_rts_eb,0.1865165007647949,0.07413241661389774,0.29890058491569205
may_jun,20240524,anchor_rts_eb,0.19625099243222474,0.08800552228659991,0.30449646257784957
may_jun,20240525,anchor_rts_eb,0.19579550249485198,0.0841600971972914,0.30743090779241256
may_jun,20240526,anchor_rts_eb,0.20943080655608703,0.10548524160192299,0.3133763715102511
may_jun,20240527,anchor_rts_eb,0.20090829406149235,0.09321349684942079,0.3086030912735639
may_jun,20240528,anchor_rts_eb,0.1761786598608098,0.07495658117558003,0.2774007385460396
may_jun,20240530,anchor_rts_eb,0.21023280491876523,0.09917145645960855,0.3212941533779219
may_jun,20240531,anchor_rts_eb,0.2074123430426013,0.08017234553523012,0.3346523405499725
may_jun,20240601,anchor_rts_eb,0.1987270491521311,0.08954056143206413,0.3079135368721981
may_jun,20240602,anchor_rts_eb,0.19169357396626768,0.08841316687426973,0.2949739810582656
may_jun,20240603,anchor_rts_eb,0.21917504695955903,0.09779391505429347,0.3405561788648246
may_jun,20240604,anchor_rts_eb,0.20889322250876996,0.08366835173900741,0.3341180932785325
may_jun,20240605,anchor_rts_eb,0.20525770595970938,0.07927599012293511,0.33123942179648364
may_jun,20240606,anchor_rts_eb,0.19602853934637976,0.07620014204873823,0.3158569366440213
may_jun,20240607,anchor_rts_eb,0.20425456773115513,0.07575665300160309,0.3327524824607072
may_jun,20240608,anchor_rts_eb,0.20186303953864343,0.09057487896238497,0.3131512001149019
may_jun,20240609,anchor_rts_eb,0.1926661770410743,0.09293431278338302,0.29239804129876557
may_jun,20240610,anchor_rts_eb,0.21804464974157217,0.09249545756897007,0.3435938419141743
may_jun,20240611,anchor_rts_eb,0.19923866174556154,0.08397182262700523,0.3145055008641179
may_jun,20240612,anchor_rts_eb,0.20716795107887148,0.08264575400867026,0.3316901481490727
may_jun,20240613,anchor_rts_eb,0.19229285987446076,0.08426452142816862,0.30032119832075294
may_jun,20240614,anchor_rts_eb,0.21229017998829866,0.09128267223235491,0.3332976877442424
may_jun,20240615,anchor_rts_eb,0.18639846333731674,0.09576662629110207,0.27703030038353144
may_jun,20240616,anchor_rts_eb,0.20195545362955075,0.09584048933339409,0.30807041792570744
may_jun,20240617,anchor_rts_eb,0.2013555064906133,0.08817162861601056,0.314539384365216
may_jun,20240618,anchor_rts_eb,0.20084388627039412,0.07568354832451357,0.3260042242162747
may_jun,20240619,anchor_rts_eb,0.1978391801522299,0.09110722012993691,0.3045711401745229
may_jun,20240620,anchor_rts_eb,0.19798082317455923,0.07674245897622314,0.3192191873728953
may_jun,20240621,anchor_rts_eb,0.19679498343329652,0.07602450731115713,0.3175654595554359
may_jun,20240622,anchor_rts_eb,0.18938799947938756,0.0803907436464448,0.2983852553123303
may_jun,20240623,anchor_rts_eb,0.1921199146009417,0.09554303664687394,0.2886967925550094
may_jun,20240624,anchor_rts_eb,0.19708237936279,0.0825911718213555,0.3115735869042245
may_jun,20240625,anchor_rts_eb,0.18725830952996414,0.07199540372752894,0.30252121533239934
may_jun,20240626,anchor_rts_eb,0.21195248308542985,0.08356094170410225,0.3403440244667575
may_jun,20240627,anchor_rts_eb,0.2061581876150063,0.09869893864509242,0.31361743658492014
may_jun,20240628,anchor_rts_eb,0.1915060238720481,0.07894657374984758,0.3040654739942486
may_jun,20240629,anchor_rts_eb,0.20580827259931847,0.08982787090709327,0.3217886742915437
may_jun,20240630,anchor_rts_eb,0.20104194500056083,0.08625454430620369,0.31582934569491794
may_jun,20240501,anchor_rts_fm,0.21618844085907019,0.08971519852155248,0.3426616831965879
may_jun,20240502,anchor_rts_fm,0.22175734095147773,0.07158110102872282,0.3719335808742326
may_jun,20240503,anchor_rts_fm,0.23409823212505337,0.13052831849660995,0.3376681457534968
may_jun,20240504,anchor_rts_fm,0.22192642591004097,0.10585052978421763,0.3380023220358643
may_jun,20240505,anchor_rts_fm,0.21380467398360464,0.10689023350698049,0.32071911446022877
may_jun,20240506,anchor_rts_fm,0.22727830500295157,0.11464427592520442,0.3399123340806987
may_jun,20240507,anchor_rts_fm,0.221975233181562,0.10376369198891762,0.3401867743742064
may_jun,20240508,anchor_rts_fm,0.1976693340647696,0.08508388785883633,0.31025478027070286
may_jun,20240509,anchor_rts_fm,0.2246468741789385,0.08965243324426066,0.35964131511361636
may_jun,20240510,anchor_rts_fm,0.2166791826560167,0.0837985923857611,0.3495597729262723
may_jun,20240511,anchor_rts_fm,0.1973230666381508,0.07096510600507015,0.32368102727123144
may_jun,20240512,anchor_rts_fm,0.1900111784610869,0.08512634369146845,0.29489601323070536
may_jun,20240513,anchor_rts_fm,0.20367261776030082,0.09013687033394083,0.3172083651866608
may_jun,20240514,anchor_rts_fm,0.20549817405158455,0.09417074548832667,0.31682560261484244
may_jun,20240515,anchor_rts_fm,0.2108406490442902,0.08413614055732209,0.3375451575312583
may_jun,20240516,anchor_rts_fm,0.19108886052797924,0.08345935641972517,0.2987183646362333
may_jun,20240517,anchor_rts_fm,0.19361172278887298,0.08869879731811049,0.2985246482596355
may_jun,20240518,anchor_rts_fm,0.21644057256542987,0.08654761974792113,0.3463335253829386
may_jun,20240519,anchor_rts_fm,0.1927139847171757,0.08340474961335814,0.3020232198209933
may_jun,20240520,anchor_rts_fm,0.20404228153999637,0.0791392228828291,0.32894534019716365
may_jun,20240521,anchor_rts_fm,0.20261771027465314,0.07715818024587898,0.3280772403034273
may_jun,20240522,anchor_rts_fm,0.20180406730561123,0.09812753654407465,0.30548059806714783
may_jun,20240523,anchor_rts_fm,0.18694825869254522,0.07499593246939837,0.29890058491569205
may_jun,20240524,anchor_rts_fm,0.19568499714762116,0.08687353171739275,0.30449646257784957
may_jun,20240525,anchor_rts_fm,0.19470571743683146,0.08198052708125038,0.30743090779241256
may_jun,20240526,anchor_rts_fm,0.20682796683037286,0.10027956215049459,0.3133763715102511
may_jun,20240527,anchor_rts_fm,0.20264435831125574,0.09668562534894758,0.3086030912735639
may_jun,20240528,anchor_rts_fm,0.17545350822651512,0.07350627790699069,0.2774007385460396
may_jun,20240530,anchor_rts_fm,0.20897807335811214,0.09666199333830242,0.3212941533779219
may_jun,20240531,anchor_rts_fm,0.2078983644323878,0.08114438831480308,0.3346523405499725
may_jun,20240601,anchor_rts_fm,0.19617649300684709,0.08443944914149612,0.3079135368721981
may_jun,20240602,anchor_rts_fm,0.1928178024281971,0.09066162379812859,0.2949739810582656
may_jun,20240603,anchor_rts_fm,0.22132411968579316,0.10209206050676173,0.3405561788648246
may_jun,20240604,anchor_rts_fm,0.20932118621373413,0.08452427914893576,0.3341180932785325
may_jun,20240605,anchor_rts_fm,0.20410194684229477,0.07696447188810593,0.33123942179648364
may_jun,20240606,anchor_rts_fm,0.1982724465659942,0.08068795648796703,0.3158569366440213
may_jun,20240607,anchor_rts_fm,0.2047864135111046,0.07682034456150197,0.3327524824607072
may_jun,20240608,anchor_rts_fm,0.1998726720928502,0.08659414407079853,0.3131512001149019
may_jun,20240609,anchor_rts_fm,0.1931563574353398,0.09391467357191403,0.29239804129876557
may_jun,20240610,anchor_rts_fm,0.2200131737639654,0.09643250561375649,0.3435938419141743
may_jun,20240611,anchor_rts_fm,0.19925349788903396,0.08400149491395004,0.3145055008641179
may_jun,20240612,anchor_rts_fm,0.20653106656546183,0.08137198498185097,0.3316901481490727
may_jun,20240613,anchor_rts_fm,0.19131187216226234,0.08230254600377175,0.30032119832075294
may_jun,20240614,anchor_rts_fm,0.21182207485307802,0.09034646196191365,0.3332976877442424
may_jun,20240615,anchor_rts_fm,0.1844301594720966,0.09183001856066175,0.27703030038353144
may_jun,20240616,anchor_rts_fm,0.20125452387749893,0.0944386298292904,0.30807041792570744
may_jun,20240617,anchor_rts_fm,0.20187198276655385,0.08920458116789172,0.314539384365216
may_jun,20240618,anchor_rts_fm,0.20023631534874645,0.07446840648121822,0.3260042242162747
may_jun,20240619,anchor_rts_fm,0.19591192278810454,0.08725270540168618,0.3045711401745229
may_jun,20240620,anchor_rts_fm,0.19669786494636526,0.07417654251983526,0.3192191873728953
may_jun,20240621,anchor_rts_fm,0.19495343344334715,0.0723414073312584,0.3175654595554359
may_jun,20240622,anchor_rts_fm,0.18602446892374513,0.07366368253515997,0.2983852553123303
may_jun,20240623,anchor_rts_fm,0.19235160058608858,0.09600640861716775,0.2886967925550094
may_jun,20240624,anchor_rts_fm,0.19638825801928966,0.08120292913435483,0.3115735869042245
may_jun,20240625,anchor_rts_fm,0.18768676782970817,0.072852320327017,0.30252121533239934
may_jun,20240626,anchor_rts_fm,0.21118026345571325,0.08201650244466901,0.3403440244667575
may_jun,20240627,anchor_rts_fm,0.20291112038687933,0.09220480418883853,0.31361743658492014
may_jun,20240628,anchor_rts_fm,0.19012469991879327,0.07618392584333797,0.3040654739942486
may_jun,20240629,anchor_rts_fm,0.20497909081833537,0.08816950734512707,0.3217886742915437
may_jun,20240630,anchor_rts_fm,0.20130489709507643,0.0867804484952349,0.31582934569491794
may_jun,20240501,final,0.2159737546262389,0.08928582605588994,0.3426616831965879
may_jun,20240502,final,0.22167619080574033,0.07141880073724804,0.3719335808742326
may_jun,20240503,final,0.2332582320305987,0.12884831830770063,0.3376681457534968
may_jun,20240504,final,0.22208853093052996,0.10617473982519564,0.3380023220358643
may_jun,20240505,final,0.2133122405189684,0.10590536657770803,0.32071911446022877
may_jun,20240506,final,0.22731201180596056,0.11471168953122243,0.3399123340806987
may_jun,20240507,final,0.22135580853442352,0.10252484269464063,0.3401867743742064
may_jun,20240508,final,0.19732161379686394,0.08438844732302504,0.31025478027070286
may_jun,20240509,final,0.22440334855052302,0.08916538198742976,0.3596413151136163
may_jun,20240510,final,0.21684840369119807,0.08413703445612383,0.3495597729262723
may_jun,20240511,final,0.19770314871233197,0.07172527015343251,0.32368102727123144
may_jun,20240512,final,0.1899098055140926,0.08492359779747984,0.29489601323070536
may_jun,20240513,final,0.20357939338341702,0.08995042158017327,0.3172083651866608
may_jun,20240514,final,0.20536318569721593,0.0939007687795894,0.31682560261484244
may_jun,20240515,final,0.21058678066704192,0.08362840380282555,0.3375451575312583
may_jun,20240516,final,0.19078396286949376,0.08284956110275422,0.2987183646362333
may_jun,20240517,final,0.1931571609078351,0.08778967355603472,0.2985246482596355
may_jun,20240518,final,0.21618433463818987,0.08603514389344112,0.3463335253829386
may_jun,20240519,final,0.1929195669055902,0.08381591399018715,0.3020232198209933
may_jun,20240520,final,0.2039303989589217,0.07891545772067975,0.32894534019716365
may_jun,20240521,final,0.20225395259855067,0.07643066489367403,0.3280772403034273
may_jun,20240522,final,0.201360147910257,0.09723969775336617,0.30548059806714783
may_jun,20240523,final,0.1865457999215208,0.07419101492734952,0.29890058491569205
may_jun,20240524,final,0.19631855598971815,0.0881406494015867,0.30449646257784957
may_jun,20240525,final,0.1950478977695611,0.08266488774670969,0.30743090779241256
may_jun,20240526,final,0.20621548953124733,0.09905460755224356,0.3133763715102511
may_jun,20240527,final,0.20237752291917127,0.09615195456477862,0.3086030912735639
may_jun,20240528,final,0.17548500325898708,0.07356926797193461,0.2774007385460396
may_jun,20240530,final,0.20864225089311622,0.09599034840831054,0.3212941533779219
may_jun,20240531,final,0.208236355614838,0.08182037067970352,0.3346523405499725
may_jun,20240601,final,0.1965193118520206,0.08512508683184314,0.3079135368721981
may_jun,20240602,final,0.19247598224495815,0.08997798343165073,0.2949739810582656
may_jun,20240603,final,0.22117631659848264,0.10179645433214067,0.3405561788648246
may_jun,20240604,final,0.20916718883238536,0.08421628438623825,0.3341180932785325
may_jun,20240605,final,0.20394708435284858,0.07665474690921355,0.33123942179648364
may_jun,20240606,final,0.19806437403754382,0.0802718114310663,0.3158569366440213
may_jun,20240607,final,0.2043478651511808,0.07594324784165443,0.3327524824607072
may_jun,20240608,final,0.1994843599176657,0.08581751972042949,0.3131512001149019
may_jun,20240609,final,0.19297683879497077,0.09355563629117598,0.29239804129876557
may_jun,20240610,final,0.21953283086275185,0.0954718198113294,0.3435938419141743
may_jun,20240611,final,0.1990366990903087,0.08356789731649948,0.3145055008641179
may_jun,20240612,final,0.20631873000252704,0.08094731185598134,0.3316901481490727
may_jun,20240613,final,0.19140585473964952,0.08249051115854611,0.30032119832075294
may_jun,20240614,final,0.21213118646488666,0.09096468518553089,0.3332976877442424
may_jun,20240615,final,0.18461640798721413,0.09220251559089682,0.27703030038353144
may_jun,20240616,final,0.2012399820992924,0.09440954627287734,0.30807041792570744
may_jun,20240617,final,0.2018021684955132,0.0890649526258104,0.314539384365216
may_jun,20240618,final,0.20038646133854263,0.07476869846081058,0.3260042242162747
may_jun,20240619,final,0.19585765713520806,0.0871441740958932,0.3045711401745229
may_jun,20240620,final,0.19657726721760632,0.07393534706231737,0.3192191873728953
may_jun,20240621,final,0.19473574043127334,0.07190602130711074,0.3175654595554359
may_jun,20240622,final,0.18639356113613714,0.07440186695994397,0.2983852553123303
may_jun,20240623,final,0.1925791402683581,0.09646148798170677,0.2886967925550094
may_jun,20240624,final,0.1967443395509461,0.08191509219766772,0.3115735869042245
may_jun,20240625,final,0.18741725911682372,0.07231330290124813,0.30252121533239934
may_jun,20240626,final,0.21108102970567416,0.0818180349445908,0.3403440244667575
may_jun,20240627,final,0.20274855864679886,0.09187968070867758,0.31361743658492014
may_jun,20240628,final,0.19001771273646278,0.07596995147867694,0.3040654739942486
may_jun,20240629,final,0.204940810649872,0.08809294700820032,0.3217886742915437
may_jun,20240630,final,0.200747692337593,0.08566603898026806,0.31582934569491794
