setting,run,overrides,pooled_diff_vs_submitted,ci_lo,ci_hi
rts_rank,submitted,{},0.0,0.0,0.0
rts_rank,rank4,"{""rts_rank"": 4}",-0.00011895005104874561,-0.0003007082829417161,6.145019146705779e-05
rts_rank,rank8,"{""rts_rank"": 8}",-4.9249515445739045e-05,-0.00011661146802868013,1.649954979759913e-05
rts_rank,rank24,"{""rts_rank"": 24}",5.615737104086953e-05,-1.974267215803638e-05,0.0001346664434844008
anchor_rts_blend,submitted,{},0.0,0.0,0.0
anchor_rts_blend,blend0.3,"{""anchor_rts_blend"": 0.3}",0.0004220876594785957,0.0003015743690953429,0.0005356322682454731
anchor_rts_blend,blend0.7,"{""anchor_rts_blend"": 0.7}",3.6284936938833525e-05,-7.708600503045846e-05,0.00015816319415482295
fm_diagonal_weight,submitted,{},0.0,0.0,0.0
fm_diagonal_weight,weight0.25,"{""fm_diagonal_weight"": 0.25}",0.20763379826554573,0.2043212094705059,0.21063217086504507
fm_diagonal_weight,weight1.0,"{""fm_diagonal_weight"": 1.0}",0.44876241409193424,0.4448363961977148,0.4524702354704344
single_tau,submitted,{},0.0,0.0,0.0
single_tau,tau7.588,"{""single_tau"": 7.588}",-1.8260860923841455e-05,-4.334494198987042e-05,5.6979595974144865e-06
single_tau,tau26.88,"{""single_tau"": 26.88}",2.1377597512001345e-05,5.366549624194913e-06,3.807962571753007e-05
