window,blend0.3,blend0.7,submitted
may_jun,0.2034299711516232,0.2028086630537578,0.2029103543624606
late_jan,0.207628771829394,0.2043758946083098,0.2054833781139533
april,0.2036404830317054,0.2029318946766032,0.2030350331256447
january,0.3275908931404335,0.3477210442841589,0.3365337080471801
stable_spring,0.2059348793387992,0.206169262332919,0.2057898341961974
stable_summer,0.2088053753991655,0.2080452814815113,0.208228083534504
stable_late,0.2044796380868217,0.2047705830871018,0.204322899987265
roll_0429,0.2037627187172825,0.2037713549287363,0.2035266424273588
roll_0513,0.2077699807581599,0.2074187115988027,0.2074215671822206
roll_0527,0.2099080066497811,0.2091999817303229,0.2094057937154018
roll_0610,0.2108698341711471,0.2108309772411097,0.2107070136512539
roll_0624,0.2104415531740788,0.2098455656035029,0.2099615463726043
roll_0708,0.2070257539793613,0.2067308122918247,0.2064428300839751
roll_0722,0.2049104164336986,0.2039607946978808,0.2042498434446883
roll_0805,0.2032624031751008,0.2028405192926366,0.2028728028087491
roll_0819,0.2065022602554041,0.2063827634871061,0.2060696590382635
