window,rank24,rank4,rank8,submitted
may_jun,0.2025982627736745,0.2030057896712457,0.2031391550929973,0.2029103543624606
late_jan,0.2054504332645764,0.206989027612533,0.2058043228399289,0.2054833781139533
april,0.20273836422246,0.2027056557829906,0.2030361773685601,0.2030350331256447
january,0.3371889895493148,0.3371081905255782,0.3363626366878111,0.3365337080471801
stable_spring,0.2054770185292099,0.2058631558675119,0.2061038340666876,0.2057898341961974
stable_summer,0.2083366623462766,0.2079927243920076,0.2079863231243023,0.208228083534504
stable_late,0.2047866163509679,0.2039814631435381,0.2042273712752046,0.204322899987265
roll_0429,0.2031049339491682,0.2035616670309134,0.2036455722761773,0.2035266424273588
roll_0513,0.2074969302941821,0.2084251710430784,0.2080610602695397,0.2074215671822206
roll_0527,0.2093119095540219,0.2098850802282571,0.2094038987594651,0.2094057937154018
roll_0610,0.2107377262219531,0.2099157325121588,0.2107006376967866,0.2107070136512539
roll_0624,0.2099763534129789,0.2099830543577242,0.2098313301769203,0.2099615463726043
roll_0708,0.2066340202740775,0.2063152306246623,0.2062657492839683,0.2064428300839751
roll_0722,0.2044888256298525,0.2037276328909391,0.2039726452253054,0.2042498434446883
roll_0805,0.2028728009442581,0.2025659947386013,0.202645252111958,0.2028728028087491
roll_0819,0.2065284264543213,0.2052585020578435,0.2057128814401326,0.2060696590382635
