window,submitted,tau26.88,tau7.588
may_jun,0.2029103543624606,0.2029710975713848,0.2028423925941257
late_jan,0.2054833781139533,0.205322496095522,0.2057659031707783
april,0.2030350331256447,0.2030783542196668,0.2030327242977182
january,0.3365337080471801,0.3371898869219517,0.3357188790562547
stable_spring,0.2057898341961974,0.2058266947432372,0.2057516564374161
stable_summer,0.208228083534504,0.2081633927900809,0.2083397779074683
stable_late,0.204322899987265,0.2043636138444451,0.2042746645779067
roll_0429,0.2035266424273588,0.2036139666498684,0.2034183397949198
roll_0513,0.2074215671822206,0.2074573495271084,0.207376472611027
roll_0527,0.2094057937154018,0.2093465390615454,0.2094941741883417
roll_0610,0.2107070136512539,0.2106025954193147,0.2108752799196631
roll_0624,0.2099615463726043,0.2099920567105897,0.2099519456137888
roll_0708,0.2064428300839751,0.2066573871209014,0.2061474348895306
roll_0722,0.2042498434446883,0.2041400325167029,0.2044068725442919
roll_0805,0.2028728028087491,0.2028952337182733,0.2028482421495526
roll_0819,0.2060696590382635,0.2061451031772767,0.2059743830379785
