window,submitted,weight0.25,weight1.0
may_jun,0.2029103543624606,0.4162955831421525,0.6540532132675728
late_jan,0.2054833781139533,0.3820077880193139,0.6330456060580646
april,0.2030350331256447,0.4074864280840994,0.6516286123376493
january,0.3365337080471801,0.4441175224066496,0.8209711772470322
stable_spring,0.2057898341961974,0.4138518526677928,0.6588555653098488
stable_summer,0.208228083534504,0.4169537259419289,0.6582334306489739
stable_late,0.204322899987265,0.4116540883196814,0.6426546973745138
roll_0429,0.2035266424273588,0.417220251706634,0.6531564655533016
roll_0513,0.2074215671822206,0.4228877569696602,0.6427119116303671
roll_0527,0.2094057937154018,0.4250363075704342,0.6405863232409645
roll_0610,0.2107070136512539,0.4227140933929587,0.6543078417237445
roll_0624,0.2099615463726043,0.4126964307291751,0.6705693575869331
roll_0708,0.2064428300839751,0.4066717657656216,0.6699954477216257
roll_0722,0.2042498434446883,0.4035251876096933,0.665845216157861
roll_0805,0.2028728028087491,0.4073340720049084,0.6515550112052922
roll_0819,0.2060696590382635,0.411772476202338,0.6501290759862066
