cell,y,x,municipality
0,35,30,hakui
1,35,31,hakui
2,35,32,hakui
3,35,33,hakui
4,35,34,hakui
5,35,35,hakui
6,35,36,hakui
7,35,37,hakui
8,35,38,hakui
9,35,39,hakui
10,35,40,hakui
11,35,41,hakui
12,35,42,hakui
13,35,43,hakui
14,35,44,hakui
15,35,45,hakui
16,35,46,hakui
17,35,47,hakui
18,35,48,hakui
19,35,49,hakui
20,35,50,hakui
21,35,51,hakui
22,35,52,hakui
23,35,53,hakui
24,35,54,nanao
25,35,55,nanao
26,35,56,nanao
27,35,57,nanao
28,35,58,nanao
29,35,59,nanao
30,35,60,nanao
31,35,61,nanao
32,35,62,nanao
33,35,63,nanao
34,35,64,nanao
35,35,65,nanao
36,35,66,nanao
37,35,67,nanao
38,35,68,nanao
39,35,69,nanao
40,35,70,nanao
41,36,30,shika
42,36,31,shika
43,36,32,hakui
44,36,33,hakui
45,36,34,hakui
46,36,35,hakui
47,36,36,hakui
48,36,37,hakui
49,36,38,hakui
50,36,39,hakui
51,36,40,nakanoto
52,36,41,nakanoto
53,36,42,nakanoto
54,36,43,nakanoto
55,36,44,nakanoto
56,36,45,nakanoto
57,36,46,nakanoto
58,36,47,nakanoto
59,36,48,nakanoto
60,36,49,nakanoto
61,36,50,nakanoto
62,36,51,nakanoto
63,36,52,nanao
64,36,53,nanao
65,36,54,nanao
66,36,55,nanao
67,36,56,nanao
68,36,57,nanao
69,36,58,nanao
70,36,59,nanao
71,36,60,nanao
72,36,61,nanao
73,36,62,nanao
74,36,63,nanao
75,36,64,nanao
76,36,65,nanao
77,36,66,nanao
78,36,67,nanao
79,36,68,nanao
80,36,69,nanao
81,36,70,nanao
82,37,30,shika
83,37,31,shika
84,37,32,shika
85,37,33,shika
86,37,34,shika
87,37,35,nakanoto
88,37,36,nakanoto
89,37,37,nakanoto
90,37,38,nakanoto
91,37,39,nakanoto
92,37,40,nakanoto
93,37,41,nakanoto
94,37,42,nakanoto
95,37,43,nakanoto
96,37,44,nakanoto
97,37,45,nakanoto
98,37,46,nakanoto
99,37,47,nakanoto
100,37,48,nakanoto
101,37,49,nakanoto
102,37,50,nanao
103,37,51,nanao
104,37,52,nanao
105,37,53,nanao
106,37,54,nanao
107,37,55,nanao
108,37,56,nanao
109,37,57,nanao
110,37,58,nanao
111,37,59,nanao
112,37,60,nanao
113,37,61,nanao
114,37,62,nanao
115,37,63,nanao
116,37,64,nanao
117,37,65,nanao
118,37,66,nanao
119,37,67,nanao
120,37,68,nanao
121,37,69,nanao
122,37,70,nanao
123,38,30,shika
124,38,31,shika
125,38,32,shika
126,38,33,shika
127,38,34,shika
128,38,35,shika
129,38,36,nakanoto
130,38,37,nakanoto
131,38,38,nakanoto
132,38,39,nakanoto
133,38,40,nakanoto
134,38,41,nakanoto
135,38,42,nakanoto
136,38,43,nakanoto
137,38,44,nakanoto
138,38,45,nakanoto
139,38,46,nakanoto
140,38,47,nakanoto
141,38,48,nanao
142,38,49,nanao
143,38,50,nanao
144,38,51,nanao
145,38,52,nanao
146,38,53,nanao
147,38,54,nanao
148,38,55,nanao
149,38,56,nanao
150,38,57,nanao
151,38,58,nanao
152,38,59,nanao
153,38,60,nanao
154,38,61,nanao
155,38,62,nanao
156,38,63,nanao
157,38,64,nanao
158,38,65,nanao
159,38,66,nanao
160,38,67,nanao
161,38,68,nanao
162,38,69,nanao
163,38,70,nanao
164,39,30,shika
165,39,31,shika
166,39,32,shika
167,39,33,shika
168,39,34,shika
169,39,35,shika
170,39,36,shika
171,39,37,shika
172,39,38,nakanoto
173,39,39,nakanoto
174,39,40,nakanoto
175,39,41,nakanoto
176,39,42,nakanoto
177,39,43,nakanoto
178,39,44,nakanoto
179,39,45,nakanoto
180,39,46,nanao
181,39,47,nanao
182,39,48,nanao
183,39,49,nanao
184,39,50,nanao
185,39,51,nanao
186,39,52,nanao
187,39,53,nanao
188,39,54,nanao
189,39,55,nanao
190,39,56,nanao
191,39,57,nanao
192,39,58,nanao
193,39,59,nanao
194,39,60,nanao
195,39,61,nanao
196,39,62,nanao
197,39,63,nanao
198,39,64,nanao
199,39,65,nanao
200,39,66,nanao
201,39,67,nanao
202,39,68,nanao
203,39,69,nanao
204,39,70,nanao
205,40,30,shika
206,40,31,shika
207,40,32,shika
208,40,33,shika
209,40,34,shika
210,40,35,shika
211,40,36,shika
212,40,37,shika
213,40,38,shika
214,40,39,shika
215,40,40,nakanoto
216,40,41,nakanoto
217,40,42,nakanoto
218,40,43,nakanoto
219,40,44,nakanoto
220,40,45,nanao
221,40,46,nanao
222,40,47,nanao
223,40,48,nanao
224,40,49,nanao
225,40,50,nanao
226,40,51,nanao
227,40,52,nanao
228,40,53,nanao
229,40,54,nanao
230,40,55,nanao
231,40,56,nanao
232,40,57,nanao
233,40,58,nanao
234,40,59,nanao
235,40,60,nanao
236,40,61,nanao
237,40,62,nanao
238,40,63,nanao
239,40,64,nanao
240,40,65,nanao
241,40,66,nanao
242,40,67,nanao
243,40,68,nanao
244,40,69,nanao
245,40,70,noto_cho
246,41,30,shika
247,41,31,shika
248,41,32,shika
249,41,33,shika
250,41,34,shika
251,41,35,shika
252,41,36,shika
253,41,37,shika
254,41,38,shika
255,41,39,shika
256,41,40,shika
257,41,41,shika
258,41,42,nakanoto
259,41,43,nanao
260,41,44,nanao
261,41,45,nanao
262,41,46,nanao
263,41,47,nanao
264,41,48,nanao
265,41,49,nanao
266,41,50,nanao
267,41,51,nanao
268,41,52,nanao
269,41,53,nanao
270,41,54,nanao
271,41,55,nanao
272,41,56,nanao
273,41,57,nanao
274,41,58,nanao
275,41,59,nanao
276,41,60,nanao
277,41,61,nanao
278,41,62,nanao
279,41,63,nanao
280,41,64,nanao
281,41,65,nanao
282,41,66,nanao
283,41,67,nanao
284,41,68,noto_cho
285,41,69,noto_cho
286,41,70,noto_cho
287,42,30,shika
288,42,31,shika
289,42,32,shika
290,42,33,shika
291,42,34,shika
292,42,35,shika
293,42,36,shika
294,42,37,shika
295,42,38,shika
296,42,39,shika
297,42,40,shika
298,42,41,shika
299,42,42,shika
300,42,43,nanao
301,42,44,nanao
302,42,45,nanao
303,42,46,nanao
304,42,47,nanao
305,42,48,nanao
306,42,49,nanao
307,42,50,nanao
308,42,51,nanao
309,42,52,nanao
310,42,53,nanao
311,42,54,nanao
312,42,55,nanao
313,42,56,nanao
314,42,57,nanao
315,42,58,nanao
316,42,59,nanao
317,42,60,nanao
318,42,61,nanao
319,42,62,nanao
320,42,63,nanao
321,42,64,nanao
322,42,65,noto_cho
323,42,66,noto_cho
324,42,67,noto_cho
325,42,68,noto_cho
326,42,69,noto_cho
327,42,70,noto_cho
328,43,30,shika
329,43,31,shika
330,43,32,shika
331,43,33,shika
332,43,34,shika
333,43,35,shika
334,43,36,shika
335,43,37,shika
336,43,38,shika
337,43,39,shika
338,43,40,shika
339,43,41,shika
340,43,42,shika
341,43,43,nanao
342,43,44,nanao
343,43,45,nanao
344,43,46,nanao
345,43,47,nanao
346,43,48,nanao
347,43,49,nanao
348,43,50,nanao
349,43,51,nanao
350,43,52,nanao
351,43,53,nanao
352,43,54,nanao
353,43,55,nanao
354,43,56,nanao
355,43,57,nanao
356,43,58,nanao
357,43,59,nanao
358,43,60,nanao
359,43,61,nanao
360,43,62,nanao
361,43,63,noto_cho
362,43,64,noto_cho
363,43,65,noto_cho
364,43,66,noto_cho
365,43,67,noto_cho
366,43,68,noto_cho
367,43,69,noto_cho
368,43,70,noto_cho
369,44,30,shika
370,44,31,shika
371,44,32,shika
372,44,33,shika
373,44,34,shika
374,44,35,shika
375,44,36,shika
376,44,37,shika
377,44,38,shika
378,44,39,shika
379,44,40,shika
380,44,41,shika
381,44,42,shika
382,44,43,shika
383,44,44,nanao
384,44,45,nanao
385,44,46,nanao
386,44,47,nanao
387,44,48,nanao
388,44,49,nanao
389,44,50,nanao
390,44,51,nanao
391,44,52,nanao
392,44,53,nanao
393,44,54,nanao
394,44,55,nanao
395,44,56,nanao
396,44,57,nanao
397,44,58,nanao
398,44,59,nanao
399,44,60,nanao
400,44,61,noto_cho
401,44,62,noto_cho
402,44,63,noto_cho
403,44,64,noto_cho
404,44,65,noto_cho
405,44,66,noto_cho
406,44,67,noto_cho
407,44,68,noto_cho
408,44,69,noto_cho
409,44,70,noto_cho
410,45,30,shika
411,45,31,shika
412,45,32,shika
413,45,33,shika
414,45,34,shika
415,45,35,shika
416,45,36,shika
417,45,37,shika
418,45,38,shika
419,45,39,shika
420,45,40,shika
421,45,41,shika
422,45,42,shika
423,45,43,shika
424,45,44,nanao
425,45,45,nanao
426,45,46,nanao
427,45,47,nanao
428,45,48,nanao
429,45,49,nanao
430,45,50,nanao
431,45,51,nanao
432,45,52,nanao
433,45,53,nanao
434,45,54,nanao
435,45,55,nanao
436,45,56,nanao
437,45,57,nanao
438,45,58,noto_cho
439,45,59,noto_cho
440,45,60,noto_cho
441,45,61,noto_cho
442,45,62,noto_cho
443,45,63,noto_cho
444,45,64,noto_cho
445,45,65,noto_cho
446,45,66,noto_cho
447,45,67,noto_cho
448,45,68,noto_cho
449,45,69,noto_cho
450,45,70,noto_cho
451,46,30,shika
452,46,31,shika
453,46,32,shika
454,46,33,shika
455,46,34,shika
456,46,35,shika
457,46,36,shika
458,46,37,shika
459,46,38,shika
460,46,39,shika
461,46,40,shika
462,46,41,shika
463,46,42,shika
464,46,43,anamizu
465,46,44,anamizu
466,46,45,anamizu
467,46,46,anamizu
468,46,47,anamizu
469,46,48,nanao
470,46,49,nanao
471,46,50,nanao
472,46,51,nanao
473,46,52,nanao
474,46,53,nanao
475,46,54,nanao
476,46,55,nanao
477,46,56,noto_cho
478,46,57,noto_cho
479,46,58,noto_cho
480,46,59,noto_cho
481,46,60,noto_cho
482,46,61,noto_cho
483,46,62,noto_cho
484,46,63,noto_cho
485,46,64,noto_cho
486,46,65,noto_cho
487,46,66,noto_cho
488,46,67,noto_cho
489,46,68,noto_cho
490,46,69,noto_cho
491,46,70,noto_cho
492,47,30,shika
493,47,31,shika
494,47,32,shika
495,47,33,shika
496,47,34,shika
497,47,35,shika
498,47,36,shika
499,47,37,shika
500,47,38,shika
501,47,39,shika
502,47,40,shika
503,47,41,shika
504,47,42,anamizu
505,47,43,anamizu
506,47,44,anamizu
507,47,45,anamizu
508,47,46,anamizu
509,47,47,anamizu
510,47,48,anamizu
511,47,49,anamizu
512,47,50,anamizu
513,47,51,anamizu
514,47,52,anamizu
515,47,53,anamizu
516,47,54,noto_cho
517,47,55,noto_cho
518,47,56,noto_cho
519,47,57,noto_cho
520,47,58,noto_cho
521,47,59,noto_cho
522,47,60,noto_cho
523,47,61,noto_cho
524,47,62,noto_cho
525,47,63,noto_cho
526,47,64,noto_cho
527,47,65,noto_cho
528,47,66,noto_cho
529,47,67,noto_cho
530,47,68,noto_cho
531,47,69,noto_cho
532,47,70,noto_cho
533,48,30,shika
534,48,31,shika
535,48,32,shika
536,48,33,shika
537,48,34,shika
538,48,35,shika
539,48,36,shika
540,48,37,shika
541,48,38,shika
542,48,39,shika
543,48,40,anamizu
544,48,41,anamizu
545,48,42,anamizu
546,48,43,anamizu
547,48,44,anamizu
548,48,45,anamizu
549,48,46,anamizu
550,48,47,anamizu
551,48,48,anamizu
552,48,49,anamizu
553,48,50,anamizu
554,48,51,anamizu
555,48,52,anamizu
556,48,53,noto_cho
557,48,54,noto_cho
558,48,55,noto_cho
559,48,56,noto_cho
560,48,57,noto_cho
561,48,58,noto_cho
562,48,59,noto_cho
563,48,60,noto_cho
564,48,61,noto_cho
565,48,62,noto_cho
566,48,63,noto_cho
567,48,64,noto_cho
568,48,65,noto_cho
569,48,66,noto_cho
570,48,67,noto_cho
571,48,68,noto_cho
572,48,69,noto_cho
573,48,70,noto_cho
574,49,30,shika
575,49,31,shika
576,49,32,shika
577,49,33,shika
578,49,34,shika
579,49,35,shika
580,49,36,shika
581,49,37,shika
582,49,38,anamizu
583,49,39,anamizu
584,49,40,anamizu
585,49,41,anamizu
586,49,42,anamizu
587,49,43,anamizu
588,49,44,anamizu
589,49,45,anamizu
590,49,46,anamizu
591,49,47,anamizu
592,49,48,anamizu
593,49,49,anamizu
594,49,50,anamizu
595,49,51,anamizu
596,49,52,noto_cho
597,49,53,noto_cho
598,49,54,noto_cho
599,49,55,noto_cho
600,49,56,noto_cho
601,49,57,noto_cho
602,49,58,noto_cho
603,49,59,noto_cho
604,49,60,noto_cho
605,49,61,noto_cho
606,49,62,noto_cho
607,49,63,noto_cho
608,49,64,noto_cho
609,49,65,noto_cho
610,49,66,noto_cho
611,49,67,noto_cho
612,49,68,noto_cho
613,49,69,noto_cho
614,49,70,noto_cho
615,50,30,shika
616,50,31,shika
617,50,32,shika
618,50,33,shika
619,50,34,shika
620,50,35,shika
621,50,36,shika
622,50,37,anamizu
623,50,38,anamizu
624,50,39,anamizu
625,50,40,anamizu
626,50,41,anamizu
627,50,42,anamizu
628,50,43,anamizu
629,50,44,anamizu
630,50,45,anamizu
631,50,46,anamizu
632,50,47,anamizu
633,50,48,anamizu
634,50,49,anamizu
635,50,50,anamizu
636,50,51,anamizu
637,50,52,noto_cho
638,50,53,noto_cho
639,50,54,noto_cho
640,50,55,noto_cho
641,50,56,noto_cho
642,50,57,noto_cho
643,50,58,noto_cho
644,50,59,noto_cho
645,50,60,noto_cho
646,50,61,noto_cho
647,50,62,noto_cho
648,50,63,noto_cho
649,50,64,noto_cho
650,50,65,noto_cho
651,50,66,noto_cho
652,50,67,noto_cho
653,50,68,noto_cho
654,50,69,noto_cho
655,50,70,noto_cho
656,51,30,shika
657,51,31,shika
658,51,32,shika
659,51,33,shika
660,51,34,shika
661,51,35,anamizu
662,51,36,anamizu
663,51,37,anamizu
664,51,38,anamizu
665,51,39,anamizu
666,51,40,anamizu
667,51,41,anamizu
668,51,42,anamizu
669,51,43,anamizu
670,51,44,anamizu
671,51,45,anamizu
672,51,46,anamizu
673,51,47,anamizu
674,51,48,anamizu
675,51,49,anamizu
676,51,50,anamizu
677,51,51,noto_cho
678,51,52,noto_cho
679,51,53,noto_cho
680,51,54,noto_cho
681,51,55,noto_cho
682,51,56,noto_cho
683,51,57,noto_cho
684,51,58,noto_cho
685,51,59,noto_cho
686,51,60,noto_cho
687,51,61,noto_cho
688,51,62,noto_cho
689,51,63,noto_cho
690,51,64,noto_cho
691,51,65,noto_cho
692,51,66,noto_cho
693,51,67,noto_cho
694,51,68,noto_cho
695,51,69,noto_cho
696,51,70,suzu
697,52,30,shika
698,52,31,shika
699,52,32,shika
700,52,33,shika
701,52,34,anamizu
702,52,35,anamizu
703,52,36,anamizu
704,52,37,anamizu
705,52,38,anamizu
706,52,39,anamizu
707,52,40,anamizu
708,52,41,anamizu
709,52,42,anamizu
710,52,43,anamizu
711,52,44,anamizu
712,52,45,anamizu
713,52,46,anamizu
714,52,47,anamizu
715,52,48,anamizu
716,52,49,anamizu
717,52,50,anamizu
718,52,51,noto_cho
719,52,52,noto_cho
720,52,53,noto_cho
721,52,54,noto_cho
722,52,55,noto_cho
723,52,56,noto_cho
724,52,57,noto_cho
725,52,58,noto_cho
726,52,59,noto_cho
727,52,60,noto_cho
728,52,61,noto_cho
729,52,62,noto_cho
730,52,63,noto_cho
731,52,64,noto_cho
732,52,65,noto_cho
733,52,66,noto_cho
734,52,67,noto_cho
735,52,68,suzu
736,52,69,suzu
737,52,70,suzu
738,53,30,shika
739,53,31,shika
740,53,32,anamizu
741,53,33,anamizu
742,53,34,anamizu
743,53,35,anamizu
744,53,36,anamizu
745,53,37,anamizu
746,53,38,anamizu
747,53,39,anamizu
748,53,40,anamizu
749,53,41,anamizu
750,53,42,anamizu
751,53,43,anamizu
752,53,44,anamizu
753,53,45,anamizu
754,53,46,anamizu
755,53,47,anamizu
756,53,48,anamizu
757,53,49,anamizu
758,53,50,noto_cho
759,53,51,noto_cho
760,53,52,noto_cho
761,53,53,noto_cho
762,53,54,noto_cho
763,53,55,noto_cho
764,53,56,noto_cho
765,53,57,noto_cho
766,53,58,noto_cho
767,53,59,noto_cho
768,53,60,noto_cho
769,53,61,noto_cho
770,53,62,noto_cho
771,53,63,noto_cho
772,53,64,noto_cho
773,53,65,noto_cho
774,53,66,noto_cho
775,53,67,suzu
776,53,68,suzu
777,53,69,suzu
778,53,70,suzu
779,54,30,wajima
780,54,31,wajima
781,54,32,wajima
782,54,33,wajima
783,54,34,wajima
784,54,35,wajima
785,54,36,wajima
786,54,37,wajima
787,54,38,wajima
788,54,39,wajima
789,54,40,wajima
790,54,41,wajima
791,54,42,wajima
792,54,43,wajima
793,54,44,wajima
794,54,45,wajima
795,54,46,anamizu
796,54,47,anamizu
797,54,48,anamizu
798,54,49,anamizu
799,54,50,noto_cho
800,54,51,noto_cho
801,54,52,noto_cho
802,54,53,noto_cho
803,54,54,noto_cho
804,54,55,noto_cho
805,54,56,noto_cho
806,54,57,noto_cho
807,54,58,noto_cho
808,54,59,noto_cho
809,54,60,noto_cho
810,54,61,noto_cho
811,54,62,noto_cho
812,54,63,noto_cho
813,54,64,noto_cho
814,54,65,suzu
815,54,66,suzu
816,54,67,suzu
817,54,68,suzu
818,54,69,suzu
819,54,70,suzu
820,55,30,wajima
821,55,31,wajima
822,55,32,wajima
823,55,33,wajima
824,55,34,wajima
825,55,35,wajima
826,55,36,wajima
827,55,37,wajima
828,55,38,wajima
829,55,39,wajima
830,55,40,wajima
831,55,41,wajima
832,55,42,wajima
833,55,43,wajima
834,55,44,wajima
835,55,45,wajima
836,55,46,wajima
837,55,47,wajima
838,55,48,wajima
839,55,49,wajima
840,55,50,noto_cho
841,55,51,noto_cho
842,55,52,noto_cho
843,55,53,noto_cho
844,55,54,noto_cho
845,55,55,noto_cho
846,55,56,noto_cho
847,55,57,noto_cho
848,55,58,noto_cho
849,55,59,noto_cho
850,55,60,noto_cho
851,55,61,noto_cho
852,55,62,noto_cho
853,55,63,suzu
854,55,64,suzu
855,55,65,suzu
856,55,66,suzu
857,55,67,suzu
858,55,68,suzu
859,55,69,suzu
860,55,70,suzu
861,56,30,wajima
862,56,31,wajima
863,56,32,wajima
864,56,33,wajima
865,56,34,wajima
866,56,35,wajima
867,56,36,wajima
868,56,37,wajima
869,56,38,wajima
870,56,39,wajima
871,56,40,wajima
872,56,41,wajima
873,56,42,wajima
874,56,43,wajima
875,56,44,wajima
876,56,45,wajima
877,56,46,wajima
878,56,47,wajima
879,56,48,wajima
880,56,49,wajima
881,56,50,wajima
882,56,51,noto_cho
883,56,52,noto_cho
884,56,53,noto_cho
885,56,54,noto_cho
886,56,55,noto_cho
887,56,56,noto_cho
888,56,57,noto_cho
889,56,58,noto_cho
890,56,59,noto_cho
891,56,60,noto_cho
892,56,61,suzu
893,56,62,suzu
894,56,63,suzu
895,56,64,suzu
896,56,65,suzu
897,56,66,suzu
898,56,67,suzu
899,56,68,suzu
900,56,69,suzu
901,56,70,suzu
902,57,30,wajima
903,57,31,wajima
904,57,32,wajima
905,57,33,wajima
906,57,34,wajima
907,57,35,wajima
908,57,36,wajima
909,57,37,wajima
910,57,38,wajima
911,57,39,wajima
912,57,40,wajima
913,57,41,wajima
914,57,42,wajima
915,57,43,wajima
916,57,44,wajima
917,57,45,wajima
918,57,46,wajima
919,57,47,wajima
920,57,48,wajima
921,57,49,wajima
922,57,50,wajima
923,57,51,noto_cho
924,57,52,noto_cho
925,57,53,noto_cho
926,57,54,noto_cho
927,57,55,noto_cho
928,57,56,noto_cho
929,57,57,noto_cho
930,57,58,noto_cho
931,57,59,suzu
932,57,60,suzu
933,57,61,suzu
934,57,62,suzu
935,57,63,suzu
936,57,64,suzu
937,57,65,suzu
938,57,66,suzu
939,57,67,suzu
940,57,68,suzu
941,57,69,suzu
942,57,70,suzu
943,58,30,wajima
944,58,31,wajima
945,58,32,wajima
946,58,33,wajima
947,58,34,wajima
948,58,35,wajima
949,58,36,wajima
950,58,37,wajima
951,58,38,wajima
952,58,39,wajima
953,58,40,wajima
954,58,41,wajima
955,58,42,wajima
956,58,43,wajima
957,58,44,wajima
958,58,45,wajima
959,58,46,wajima
960,58,47,wajima
961,58,48,wajima
962,58,49,wajima
963,58,50,wajima
964,58,51,wajima
965,58,52,noto_cho
966,58,53,noto_cho
967,58,54,noto_cho
968,58,55,noto_cho
969,58,56,noto_cho
970,58,57,noto_cho
971,58,58,suzu
972,58,59,suzu
973,58,60,suzu
974,58,61,suzu
975,58,62,suzu
976,58,63,suzu
977,58,64,suzu
978,58,65,suzu
979,58,66,suzu
980,58,67,suzu
981,58,68,suzu
982,58,69,suzu
983,58,70,suzu
984,59,30,wajima
985,59,31,wajima
986,59,32,wajima
987,59,33,wajima
988,59,34,wajima
989,59,35,wajima
990,59,36,wajima
991,59,37,wajima
992,59,38,wajima
993,59,39,wajima
994,59,40,wajima
995,59,41,wajima
996,59,42,wajima
997,59,43,wajima
998,59,44,wajima
999,59,45,wajima
1000,59,46,wajima
1001,59,47,wajima
1002,59,48,wajima
1003,59,49,wajima
1004,59,50,wajima
1005,59,51,wajima
1006,59,52,noto_cho
1007,59,53,noto_cho
1008,59,54,noto_cho
1009,59,55,noto_cho
1010,59,56,suzu
1011,59,57,suzu
1012,59,58,suzu
1013,59,59,suzu
1014,59,60,suzu
1015,59,61,suzu
1016,59,62,suzu
1017,59,63,suzu
1018,59,64,suzu
1019,59,65,suzu
1020,59,66,suzu
1021,59,67,suzu
1022,59,68,suzu
1023,59,69,suzu
1024,59,70,suzu
1025,60,30,wajima
1026,60,31,wajima
1027,60,32,wajima
1028,60,33,wajima
1029,60,34,wajima
1030,60,35,wajima
1031,60,36,wajima
1032,60,37,wajima
1033,60,38,wajima
1034,60,39,wajima
1035,60,40,wajima
1036,60,41,wajima
1037,60,42,wajima
1038,60,43,wajima
1039,60,44,wajima
1040,60,45,wajima
1041,60,46,wajima
1042,60,47,wajima
1043,60,48,wajima
1044,60,49,wajima
1045,60,50,wajima
1046,60,51,wajima
1047,60,52,wajima
1048,60,53,noto_cho
1049,60,54,suzu
1050,60,55,suzu
1051,60,56,suzu
1052,60,57,suzu
1053,60,58,suzu
1054,60,59,suzu
1055,60,60,suzu
1056,60,61,suzu
1057,60,62,suzu
1058,60,63,suzu
1059,60,64,suzu
1060,60,65,suzu
1061,60,66,suzu
1062,60,67,suzu
1063,60,68,suzu
1064,60,69,suzu
1065,60,70,suzu
1066,61,30,wajima
1067,61,31,wajima
1068,61,32,wajima
1069,61,33,wajima
1070,61,34,wajima
1071,61,35,wajima
1072,61,36,wajima
1073,61,37,wajima
1074,61,38,wajima
1075,61,39,wajima
1076,61,40,wajima
1077,61,41,wajima
1078,61,42,wajima
1079,61,43,wajima
1080,61,44,wajima
1081,61,45,wajima
1082,61,46,wajima
1083,61,47,wajima
1084,61,48,wajima
1085,61,49,wajima
1086,61,50,wajima
1087,61,51,wajima
1088,61,52,wajima
1089,61,53,suzu
1090,61,54,suzu
1091,61,55,suzu
1092,61,56,suzu
1093,61,57,suzu
1094,61,58,suzu
1095,61,59,suzu
1096,61,60,suzu
1097,61,61,suzu
1098,61,62,suzu
1099,61,63,suzu
1100,61,64,suzu
1101,61,65,suzu
1102,61,66,suzu
1103,61,67,suzu
1104,61,68,suzu
1105,61,69,suzu
1106,61,70,suzu
1107,62,30,wajima
1108,62,31,wajima
1109,62,32,wajima
1110,62,33,wajima
1111,62,34,wajima
1112,62,35,wajima
1113,62,36,wajima
1114,62,37,wajima
1115,62,38,wajima
1116,62,39,wajima
1117,62,40,wajima
1118,62,41,wajima
1119,62,42,wajima
1120,62,43,wajima
1121,62,44,wajima
1122,62,45,wajima
1123,62,46,wajima
1124,62,47,wajima
1125,62,48,wajima
1126,62,49,wajima
1127,62,50,wajima
1128,62,51,wajima
1129,62,52,wajima
1130,62,53,suzu
1131,62,54,suzu
1132,62,55,suzu
1133,62,56,suzu
1134,62,57,suzu
1135,62,58,suzu
1136,62,59,suzu
1137,62,60,suzu
1138,62,61,suzu
1139,62,62,suzu
1140,62,63,suzu
1141,62,64,suzu
1142,62,65,suzu
1143,62,66,suzu
1144,62,67,suzu
1145,62,68,suzu
1146,62,69,suzu
1147,62,70,suzu
1148,63,30,wajima
1149,63,31,wajima
1150,63,32,wajima
1151,63,33,wajima
1152,63,34,wajima
1153,63,35,wajima
1154,63,36,wajima
1155,63,37,wajima
1156,63,38,wajima
1157,63,39,wajima
1158,63,40,wajima
1159,63,41,wajima
1160,63,42,wajima
1161,63,43,wajima
1162,63,44,wajima
1163,63,45,wajima
1164,63,46,wajima
1165,63,47,wajima
1166,63,48,wajima
1167,63,49,wajima
1168,63,50,wajima
1169,63,51,wajima
1170,63,52,suzu
1171,63,53,suzu
1172,63,54,suzu
1173,63,55,suzu
1174,63,56,suzu
1175,63,57,suzu
1176,63,58,suzu
1177,63,59,suzu
1178,63,60,suzu
1179,63,61,suzu
1180,63,62,suzu
1181,63,63,suzu
1182,63,64,suzu
1183,63,65,suzu
1184,63,66,suzu
1185,63,67,suzu
1186,63,68,suzu
1187,63,69,suzu
1188,63,70,suzu
1189,64,30,wajima
1190,64,31,wajima
1191,64,32,wajima
1192,64,33,wajima
1193,64,34,wajima
1194,64,35,wajima
1195,64,36,wajima
1196,64,37,wajima
1197,64,38,wajima
1198,64,39,wajima
1199,64,40,wajima
1200,64,41,wajima
1201,64,42,wajima
1202,64,43,wajima
1203,64,44,wajima
1204,64,45,wajima
1205,64,46,wajima
1206,64,47,wajima
1207,64,48,wajima
1208,64,49,wajima
1209,64,50,wajima
1210,64,51,wajima
1211,64,52,suzu
1212,64,53,suzu
1213,64,54,suzu
1214,64,55,suzu
1215,64,56,suzu
1216,64,57,suzu
1217,64,58,suzu
1218,64,59,suzu
1219,64,60,suzu
1220,64,61,suzu
1221,64,62,suzu
1222,64,63,suzu
1223,64,64,suzu
1224,64,65,suzu
1225,64,66,suzu
1226,64,67,suzu
1227,64,68,suzu
1228,64,69,suzu
1229,64,70,suzu
1230,65,30,wajima
1231,65,31,wajima
1232,65,32,wajima
1233,65,33,wajima
1234,65,34,wajima
1235,65,35,wajima
1236,65,36,wajima
1237,65,37,wajima
1238,65,38,wajima
1239,65,39,wajima
1240,65,40,wajima
1241,65,41,wajima
1242,65,42,wajima
1243,65,43,wajima
1244,65,44,wajima
1245,65,45,wajima
1246,65,46,wajima
1247,65,47,wajima
1248,65,48,wajima
1249,65,49,wajima
1250,65,50,wajima
1251,65,51,wajima
1252,65,52,suzu
1253,65,53,suzu
1254,65,54,suzu
1255,65,55,suzu
1256,65,56,suzu
1257,65,57,suzu
1258,65,58,suzu
1259,65,59,suzu
1260,65,60,suzu
1261,65,61,suzu
1262,65,62,suzu
1263,65,63,suzu
1264,65,64,suzu
1265,65,65,suzu
1266,65,66,suzu
1267,65,67,suzu
1268,65,68,suzu
1269,65,69,suzu
1270,65,70,suzu
1271,66,30,wajima
1272,66,31,wajima
1273,66,32,wajima
1274,66,33,wajima
1275,66,34,wajima
1276,66,35,wajima
1277,66,36,wajima
1278,66,37,wajima
1279,66,38,wajima
1280,66,39,wajima
1281,66,40,wajima
1282,66,41,wajima
1283,66,42,wajima
1284,66,43,wajima
1285,66,44,wajima
1286,66,45,wajima
1287,66,46,wajima
1288,66,47,wajima
1289,66,48,wajima
1290,66,49,wajima
1291,66,50,wajima
1292,66,51,wajima
1293,66,52,suzu
1294,66,53,suzu
1295,66,54,suzu
1296,66,55,suzu
1297,66,56,suzu
1298,66,57,suzu
1299,66,58,suzu
1300,66,59,suzu
1301,66,60,suzu
1302,66,61,suzu
1303,66,62,suzu
1304,66,63,suzu
1305,66,64,suzu
1306,66,65,suzu
1307,66,66,suzu
1308,66,67,suzu
1309,66,68,suzu
1310,66,69,suzu
1311,66,70,suzu
1312,67,30,wajima
1313,67,31,wajima
1314,67,32,wajima
1315,67,33,wajima
1316,67,34,wajima
1317,67,35,wajima
1318,67,36,wajima
1319,67,37,wajima
1320,67,38,wajima
1321,67,39,wajima
1322,67,40,wajima
1323,67,41,wajima
1324,67,42,wajima
1325,67,43,wajima
1326,67,44,wajima
1327,67,45,wajima
1328,67,46,wajima
1329,67,47,wajima
1330,67,48,wajima
1331,67,49,wajima
1332,67,50,wajima
1333,67,51,wajima
1334,67,52,suzu
1335,67,53,suzu
1336,67,54,suzu
1337,67,55,suzu
1338,67,56,suzu
1339,67,57,suzu
1340,67,58,suzu
1341,67,59,suzu
1342,67,60,suzu
1343,67,61,suzu
1344,67,62,suzu
1345,67,63,suzu
1346,67,64,suzu
1347,67,65,suzu
1348,67,66,suzu
1349,67,67,suzu
1350,67,68,suzu
1351,67,69,suzu
1352,67,70,suzu
1353,68,30,wajima
1354,68,31,wajima
1355,68,32,wajima
1356,68,33,wajima
1357,68,34,wajima
1358,68,35,wajima
1359,68,36,wajima
1360,68,37,wajima
1361,68,38,wajima
1362,68,39,wajima
1363,68,40,wajima
1364,68,41,wajima
1365,68,42,wajima
1366,68,43,wajima
1367,68,44,wajima
1368,68,45,wajima
1369,68,46,wajima
1370,68,47,wajima
1371,68,48,wajima
1372,68,49,wajima
1373,68,50,wajima
1374,68,51,suzu
1375,68,52,suzu
1376,68,53,suzu
1377,68,54,suzu
1378,68,55,suzu
1379,68,56,suzu
1380,68,57,suzu
1381,68,58,suzu
1382,68,59,suzu
1383,68,60,suzu
1384,68,61,suzu
1385,68,62,suzu
1386,68,63,suzu
1387,68,64,suzu
1388,68,65,suzu
1389,68,66,suzu
1390,68,67,suzu
1391,68,68,suzu
1392,68,69,suzu
1393,68,70,suzu
1394,69,30,wajima
1395,69,31,wajima
1396,69,32,wajima
1397,69,33,wajima
1398,69,34,wajima
1399,69,35,wajima
1400,69,36,wajima
1401,69,37,wajima
1402,69,38,wajima
1403,69,39,wajima
1404,69,40,wajima
1405,69,41,wajima
1406,69,42,wajima
1407,69,43,wajima
1408,69,44,wajima
1409,69,45,wajima
1410,69,46,wajima
1411,69,47,wajima
1412,69,48,wajima
1413,69,49,wajima
1414,69,50,wajima
1415,69,51,suzu
1416,69,52,suzu
1417,69,53,suzu
1418,69,54,suzu
1419,69,55,suzu
1420,69,56,suzu
1421,69,57,suzu
1422,69,58,suzu
1423,69,59,suzu
1424,69,60,suzu
1425,69,61,suzu
1426,69,62,suzu
1427,69,63,suzu
1428,69,64,suzu
1429,69,65,suzu
1430,69,66,suzu
1431,69,67,suzu
1432,69,68,suzu
1433,69,69,suzu
1434,69,70,suzu
1435,70,30,wajima
1436,70,31,wajima
1437,70,32,wajima
1438,70,33,wajima
1439,70,34,wajima
1440,70,35,wajima
1441,70,36,wajima
1442,70,37,wajima
1443,70,38,wajima
1444,70,39,wajima
1445,70,40,wajima
1446,70,41,wajima
1447,70,42,wajima
1448,70,43,wajima
1449,70,44,wajima
1450,70,45,wajima
1451,70,46,wajima
1452,70,47,wajima
1453,70,48,wajima
1454,70,49,wajima
1455,70,50,wajima
1456,70,51,suzu
1457,70,52,suzu
1458,70,53,suzu
1459,70,54,suzu
1460,70,55,suzu
1461,70,56,suzu
1462,70,57,suzu
1463,70,58,suzu
1464,70,59,suzu
1465,70,60,suzu
1466,70,61,suzu
1467,70,62,suzu
1468,70,63,suzu
1469,70,64,suzu
1470,70,65,suzu
1471,70,66,suzu
1472,70,67,suzu
1473,70,68,suzu
1474,70,69,suzu
1475,70,70,suzu
