date,all_row_total,outside_within_flow,outside_any_endpoint_flow
20231101,189190.25085714288,27581.33561540782,28043.688739875455
20231102,189190.25085714288,28493.837917337027,29004.097500085038
20231103,189190.25085714285,33410.334778785735,33945.16539270489
20231104,189190.25085714285,32815.41909863224,33319.83199274862
20231105,189190.25085714285,30192.061724104395,30737.496236682196
20231106,189190.25085714285,27246.260294635693,27696.064283641426
20231107,189190.25085714285,27291.72126233929,27766.708233355046
20231108,189190.25085714288,27552.262432676464,28038.564324454506
20231109,189190.25085714285,27862.479015632547,28362.790209892686
20231110,189190.25085714285,28524.83921424848,29044.4671577487
20231111,189190.25085714288,31002.41837363636,31472.871804815662
20231112,189190.25085714285,30194.856478483714,30685.77817016173
20231113,189190.25085714285,27524.930077185378,28009.566021428825
20231114,189190.25085714285,27769.318685781313,28230.958367649997
20231115,189190.25085714285,27833.989118636666,28317.526809918814
20231116,189190.25085714285,28231.650880117453,28732.10178695983
20231117,189190.25085714285,28847.895548920806,29380.5357548274
20231118,189190.25085714288,31593.43458030968,32049.01971698866
20231119,189190.25085714285,29348.48860557046,29819.044186820633
20231120,189190.25085714285,26510.02152962165,27038.073288494288
20231121,189190.25085714282,27240.359489293165,27715.13073834656
20231122,189190.25085714285,27536.2500684209,28049.607172619784
20231123,189190.25085714285,29759.89090360128,30198.83761414391
20231124,189190.25085714285,29403.205647329356,29907.62166935614
20231125,189190.25085714285,32229.897836699067,32666.462453023993
20231127,189190.25085714285,27613.599711140843,28092.4092148667
20231128,189190.25085714285,28394.963039630176,28783.587625744425
20231129,189190.25085714282,27360.508677296562,27819.98115603676
20231202,189190.25085714285,32405.42043204133,32737.975155721582
20231206,189190.25085714285,27338.272615963717,27796.59112400869
20231207,189190.25085714285,27421.13518412528,27897.200294835377
20231208,189190.25085714282,27945.502765264442,28481.492231227232
20231209,189190.25085714285,30068.14878818432,30522.44252225388
20231210,189190.25085714288,28954.6735357185,29418.5019614585
20231211,189190.25085714285,26881.14699536021,27333.19752831099
20231212,189190.25085714285,26869.231068342455,27331.95911203971
20231213,189190.25085714285,26925.284827761712,27390.502949972142
20231215,189190.25085714285,26955.484091793376,27526.93304364826
20231216,189190.25085714285,29353.184757691768,29795.313938681822
20231217,189190.25085714288,29285.66569801235,29696.120820039294
20231218,189190.25085714285,26954.7613808756,27419.110053092347
20231219,189190.25085714285,26880.69711381815,27355.45559938523
20231220,189190.25085714285,26781.587643000086,27287.956590838345
20231221,189190.25085714285,27030.95192918764,27499.29792648087
20231222,189190.25085714282,27759.8186668589,28253.573253965333
20231223,189190.25085714285,29587.63726280587,29965.871782879025
20231224,189190.25085714282,28661.156581919135,29042.931170721025
20231225,189190.25085714288,27528.28121110787,28004.753593046422
20231226,189190.25085714285,27438.519385351246,27941.6038947808
20231227,189190.25085714285,27454.66667367217,27929.76221053207
20231228,189190.25085714288,27865.436535186203,28326.747149411185
20231229,189190.25085714285,29931.409885112676,30342.774117298897
20231230,189190.25085714282,31035.06947128605,31438.023127360902
20231231,189190.25085714288,30819.795564256663,31104.23305248477
20240101,189190.25085714282,28496.157896935998,28823.974486216943
20240102,189190.2508571429,29075.49763332745,29591.085289769813
20240103,189190.25085714285,28108.403371593875,28525.71711043815
20240104,189190.25085714288,26332.234074914566,26704.528845315966
20240105,189190.25085714285,26190.862418975765,26603.990051883586
20240106,189190.25085714282,27479.454301203896,27842.605878514212
20240107,189190.25085714288,27209.746048144232,27570.112915814734
20240108,189190.25085714285,25648.663803947304,26026.431043116314
20240109,189190.25085714285,23942.6165189339,24374.45153173965
20240110,189190.25085714285,23691.27353720977,24171.973544883553
20240111,189190.25085714285,24498.7769370652,24945.157826515835
20240112,189190.25085714282,24919.641579464413,25392.66596009706
20240113,189190.25085714285,26031.9150685106,26379.728863980046
20240114,189190.25085714285,25550.46530627174,25921.265664640676
20240115,189190.25085714285,25031.523352956403,25451.198649123726
20240116,189190.25085714285,25231.110680160546,25672.453139726807
20240117,189190.25085714282,25279.34131653543,25724.755395534714
20240119,189190.25085714285,25829.04782102007,26320.000411638317
20240120,189190.25085714285,27133.947308866427,27519.744887204306
20240121,189190.25085714285,26117.98212195745,26483.625732686316
20240122,189190.25085714285,25000.3599662275,25434.588468367063
20240125,189190.25085714285,25839.79156761494,26254.4516481915
20240126,189190.25085714285,25682.40718265533,26145.272446953855
20240127,189190.25085714285,27119.731708763662,27516.39932201866
20240128,189190.25085714285,26631.35553261455,27036.263064714563
20240129,189190.25085714285,25091.01541473514,25525.4638254707
20240130,189190.25085714285,24907.204800280822,25342.382730451347
20240131,189190.25085714285,25233.234597796716,25678.0404216625
20240401,189190.25085714285,27285.60523205208,27728.646884631286
20240402,189190.25085714285,26886.885305972744,27348.74454691726
20240403,189190.25085714288,26631.48725121899,27070.27012914815
20240404,189190.25085714282,26644.7491768283,27093.203072487642
20240405,189190.25085714285,27281.547042548355,27771.329396722038
20240406,189190.25085714285,29315.66663657122,29780.20874448813
20240407,189190.25085714285,28112.027675683912,28619.186750564302
20240409,189190.25085714285,25406.572981841975,25846.493940028744
20240410,189190.25085714282,26183.795755882806,26573.400464414477
20240411,189190.25085714285,26182.1996107509,26658.723658398452
20240412,189190.25085714285,27200.164772977314,27712.7736786472
20240413,189190.25085714288,29225.918207035673,29680.280613236177
20240414,189190.25085714285,27966.57870930712,28455.260464029343
20240415,189190.25085714285,26243.570346026383,26688.525241775762
20240416,189190.25085714285,26392.23481349971,26852.110993349183
20240417,189190.25085714285,26556.058384394106,27028.600011528175
20240418,189190.25085714282,26860.025576648197,27307.888364943017
20240419,189190.25085714285,27159.279845513676,27670.703811561427
20240420,189190.25085714285,29500.195474303087,29965.879158834094
20240421,189190.25085714285,28372.068469697006,28826.41171758019
20240422,189190.25085714285,26500.344768000057,26972.03948793676
20240423,189190.25085714285,26608.734768427,27069.051001294214
20240424,189190.25085714285,26287.592462648856,26734.031088192954
20240425,189190.25085714288,26483.287997876698,26968.387619256577
20240427,189190.25085714285,31319.17618153642,31775.05095125564
20240428,189190.25085714285,33006.773763879086,33562.044834192566
20240429,189190.25085714282,29655.17287334315,30168.59269408271
20240430,189190.25085714285,27391.617028584733,27810.59187054736
20240501,189190.25085714285,27433.75632492358,27859.692218821936
20240502,189190.25085714285,29208.764246091916,29719.93113204409
20240503,189190.25085714285,36531.113156600906,37153.45936142473
20240504,189190.25085714285,37314.19835435386,37922.20307376991
20240505,189190.25085714285,34459.462582381966,35129.92755394367
20240506,189190.25085714285,28324.830742999726,28839.79610907451
20240507,189190.25085714285,25686.708506156112,26123.88925747489
20240508,189190.25085714285,25946.421983638673,26395.190035501255
20240509,189190.25085714285,25848.76439747568,26321.681544101306
20240510,189190.25085714285,25789.712712937984,26355.679953779476
20240511,189190.25085714285,28521.533538106523,28974.644937104087
20240512,189190.25085714285,27838.765172691532,28290.206800892254
20240513,189190.25085714288,26179.158487766937,26626.334391347442
20240514,189190.25085714285,26429.308070869487,26887.519017799703
20240515,189190.25085714282,26894.615387362326,27354.440991602765
20240516,189190.25085714285,26922.696670399226,27393.35513751157
20240517,189190.25085714288,27291.0935597011,27800.01069385344
20240518,189190.25085714282,29800.86714874311,30280.58665163365
20240519,189190.25085714288,28587.02158284454,29053.510669058243
20240520,189190.25085714285,26489.942630230256,26935.857393590864
20240521,189190.25085714285,26612.080115803103,27060.846741879453
20240522,189190.25085714282,26775.014047829434,27227.955241602216
20240523,189190.25085714285,26964.042689859503,27426.730629359532
20240524,189190.25085714285,27831.619556764337,28317.61956759908
20240525,189190.25085714285,30379.036305445094,30818.959581044684
20240526,189190.25085714285,29041.460401580152,29528.659536809853
20240527,189190.25085714285,26769.316386617087,27218.845736228766
20240528,189190.25085714285,26722.13544861937,27139.057718212043
20240530,189190.25085714285,27053.20302910756,27504.191535173122
20240531,189190.25085714285,27420.805232748087,27918.83136668079
20240601,189190.25085714288,29170.793558208472,29641.353806985357
20240602,189190.25085714285,27803.99623599047,28220.097208838648
20240603,189190.25085714285,26520.755390092516,26946.39926549093
20240604,189190.25085714285,26708.86067239522,27137.27250347371
20240605,189190.25085714285,26848.984851378686,27293.48899513493
20240606,189190.25085714285,27255.354484127187,27715.532034060914
20240607,189190.25085714285,28129.534964048573,28626.742270015617
20240608,189190.25085714285,30605.861900567787,31068.445926167467
20240609,189190.25085714285,28650.04178372979,29117.690882390314
20240610,189190.25085714285,25927.2612487305,26427.348888255634
20240611,189190.25085714285,26702.580062227356,27132.424749585152
20240612,189190.25085714285,26974.998213561557,27418.861311886736
20240613,189190.25085714285,27498.773647617327,27933.590976455533
20240614,189190.25085714285,28417.87714172484,28920.565020780017
20240615,189190.25085714285,30993.28299427006,31461.891115992108
20240616,189190.25085714285,29326.60282654268,29814.62961735378
20240617,189190.25085714288,27422.31920671999,27854.408944339546
20240618,189190.25085714285,27001.27528890253,27414.8896580712
20240619,189190.25085714285,27175.098091232223,27623.22014560124
20240620,189190.25085714285,27738.472111109008,28183.855920513044
20240621,189190.25085714285,28633.237963826658,29123.61432456258
20240622,189190.25085714285,30866.10454291154,31313.208705653302
20240623,189190.25085714285,29410.239518227547,29823.805939790036
20240624,189190.25085714285,27026.33609089803,27467.817922017646
20240625,189190.25085714285,27385.50612017956,27811.765313057946
20240626,189190.25085714285,27424.15064970917,27855.26602976518
20240627,189190.25085714285,27647.15558119942,28089.145973878505
20240628,189190.25085714288,28109.318470408896,28571.40631747728
20240629,189190.25085714285,30220.478700699,30708.32730468838
20240630,189190.25085714285,29043.584328961686,29466.048215540282
20240701,189190.25085714285,26840.300004122902,27246.90459039941
20240702,189190.25085714285,26784.84314569983,27204.558321925146
20240703,189190.25085714285,26898.94275696746,27340.880177340467
20240704,189190.25085714285,27340.25720288063,27775.82200068582
20240705,189190.25085714285,28604.905852487216,29004.335271335985
20240706,189190.25085714285,29859.890680257216,30276.856251128396
20240707,189190.25085714285,28814.61036281148,29263.194368593595
20240709,189190.25085714285,27201.466951518618,27626.623167938436
20240710,189190.25085714285,27563.81107716703,28005.93524254017
20240711,189190.25085714285,27617.929318091334,28064.424919903508
20240712,189190.25085714288,28719.7120382737,29226.187573788855
20240713,189190.25085714288,33306.748286410584,33814.6358508406
20240714,189190.25085714282,33323.94814716024,33796.733973687784
20240715,189190.25085714285,29872.940090390945,30358.69913427407
20240716,189190.25085714285,27718.024221030348,28163.31415869849
20240717,189190.25085714285,27381.676794615127,27828.54492572267
20240718,189190.25085714285,27942.68022879259,28394.725320961683
20240719,189190.25085714285,27981.683494511544,28453.774692008334
20240720,189190.25085714288,30542.54549015992,30936.095714976196
20240721,189190.25085714285,29767.771206477475,30189.90097898739
20240722,189190.25085714282,27831.53057465278,28263.150920667398
20240723,189190.25085714288,27581.901405825887,28000.80551756923
20240724,189190.25085714288,27986.95787199682,28423.25482356143
20240725,189190.25085714285,28603.26483893849,29068.26281621998
20240726,189190.25085714288,29355.71565427317,29854.630253675627
20240727,189190.25085714288,31256.137153672847,31685.47273148064
20240728,189190.25085714285,30268.132670963274,30738.965650939375
20240729,189190.25085714285,28124.94096268054,28554.963134370606
20240730,189190.25085714282,27995.7234306119,28444.105518393688
20240731,189190.25085714285,28240.813507235227,28661.775569318732
20240801,189190.25085714285,28454.150229665345,28881.588875016056
20240802,189190.25085714285,29619.993530122025,30095.12424024229
20240803,189190.25085714288,31751.947522438513,32169.344419526333
20240804,189190.2508571428,30560.41581645345,30983.940732003797
20240805,189190.2508571428,29118.261754312545,29573.705067063333
20240806,189190.25085714282,29331.54151225561,29751.822748514118
20240807,189190.25085714288,29671.189815304686,30121.880218466726
20240808,189190.25085714288,29733.539691168164,30207.219064703437
20240809,189190.25085714285,30327.257817241218,30852.12345312095
20240810,189190.25085714282,33828.767051274655,34314.57952788609
20240811,189190.25085714288,35951.776545695015,36472.813576281886
20240812,189190.25085714285,35137.23382970497,35645.238284569525
20240813,189190.25085714285,33852.960180391885,34281.461022257725
20240814,189190.25085714285,34528.73205947586,34985.59717974603
20240815,189190.25085714288,34684.46864726851,35182.07777997629
20240816,189190.25085714285,31819.02773349368,32257.00188995437
20240817,189190.25085714285,32777.04099854893,33292.59650502731
20240818,189190.25085714285,30831.741027205262,31312.44912717413
20240819,189190.25085714285,28981.290619137268,29430.471997902332
20240820,189190.25085714285,29142.692166413904,29586.92815820312
20240821,189190.25085714285,29108.649022482077,29540.61973517631
20240822,189190.25085714282,29587.06374271355,30019.530442770425
20240823,189190.25085714288,30180.91674640816,30672.664949035396
20240824,189190.25085714285,32167.341023240737,32567.489925369293
20240825,189190.25085714285,30873.149307361113,31297.478858438833
20240826,189190.25085714285,28847.928135733495,29280.992455993455
20240827,189190.25085714285,28187.718351682972,28580.544008026765
20240828,189190.25085714282,28158.674448310492,28570.205753667695
20240829,189190.25085714285,28081.46412759478,28493.77455032232
20240830,189190.25085714285,27944.00265396451,28364.20938497577
20240831,189190.25085714285,28264.05526775072,28606.31156554954
20240901,189190.25085714282,28371.080270284907,28702.38073434309
20240902,189190.25085714285,27564.02209243278,27928.516083676743
20240903,189190.25085714285,28186.42498894949,28594.253694562343
20240904,189190.25085714285,28461.75657554192,28858.1781126115
20240905,189190.25085714285,29166.407029023878,29572.892293898924
20240906,189190.25085714285,29451.769861963323,29892.699486244695
20240907,189190.25085714285,31341.676118278403,31773.16049028285
20240908,189190.25085714285,30074.256080831823,30493.339791326463
20240909,189190.25085714285,28607.0698589854,28995.85913064402
20240910,189190.25085714285,28708.503422149275,29099.74112727206
20240911,189190.25085714282,28863.596404389158,29261.027359590633
20240912,189190.25085714282,28871.99609816574,29292.802519029683
20240913,189190.25085714285,29884.315147263063,30371.801047640474
20240914,189190.25085714285,33617.38542288177,34024.05219867361
20240915,189190.25085714282,33418.049214122635,33826.48366576944
20240916,189190.25085714285,30497.07856573282,30929.485029742107
20240917,189190.25085714282,28317.92382115207,28727.239069157687
20240918,189190.25085714285,28522.783478612233,28932.261660814045
20240919,189190.25085714282,28736.475199792974,29154.73769088559
20240920,189190.25085714285,29497.667382241056,29953.64289426656
20240921,189190.25085714285,32700.49122398633,33106.94704835102
20240922,189190.25085714285,33454.941424892444,33834.75336047509
20240923,189190.25085714285,30369.771456294646,30819.688148051562
20240924,189190.25085714288,28400.983359227357,28826.15320035222
20240925,189190.25085714288,28852.179294098958,29266.99834630053
20240926,189190.25085714285,29050.737126520875,29456.207272819356
20240927,189190.25085714285,29397.181647156158,29861.91032293481
20240928,189190.25085714285,31003.1433856924,31388.998302729535
20240929,189190.25085714285,30229.199920493673,30637.153379553
20240930,189190.25085714282,28010.525398118607,28416.863565597094
20241001,189190.25085714285,27974.092271851816,28369.582522354332
20241002,189190.25085714288,27817.501941983974,28210.584609698577
20241003,189190.25085714285,28823.779453797484,29217.87036521096
20241004,189190.25085714288,29439.103591401305,29862.36264795092
20241005,189190.25085714285,31137.736677599965,31553.673996739948
20241006,189190.25085714285,30349.758176075135,30777.560095408255
20241007,189190.25085714285,28440.29421927681,28836.60116859655
20241008,189190.25085714285,28566.619378294934,28949.19657764726
20241009,189190.25085714285,28737.293663666336,29140.393939333728
20241010,189190.2508571429,28757.549218647622,29190.55319974152
20241011,189190.25085714285,29999.00083654443,30467.423522422443
20241012,189190.25085714285,34628.91775123704,35057.92315372895
20241013,189190.25085714288,35369.95935069722,35918.51253787001
20241014,189190.25085714285,31043.193728941606,31502.793149855337
20241015,189190.25085714285,28523.203648849158,28919.278291337774
20241016,189190.25085714285,28645.686870883976,29041.915006729236
20241017,189190.25085714282,29333.932925303987,29764.44297583379
20241018,189190.25085714285,30304.696629341626,30781.066566991463
20241019,189190.25085714282,32390.70123491698,32776.9483018954
20241020,189190.25085714285,31463.4855090343,31904.635914379123
20241021,189190.25085714285,29004.78939151586,29415.58504503936
20241022,189190.25085714282,29087.781500476267,29476.197232560215
20241023,189190.25085714285,28999.25454610806,29400.122800120647
20241024,189190.25085714285,29550.17016745731,29958.347034323768
20241025,189190.25085714282,30358.08767202888,30819.585905804524
20241026,189190.25085714285,33281.334736248275,33717.269574916805
20241027,189190.25085714285,31473.56523606441,31936.74802880648
20241028,189190.25085714285,28851.68374120883,29248.252547633092
20241029,189190.25085714285,28691.202764139867,29077.325698284556
20241030,189190.25085714288,28785.805168932522,29159.514468739286
20241031,189190.25085714285,28942.645719455286,29333.75219032045
