municipality,january_mean_share,april_mean_share,change_share,april_over_january,ratio_ci_lo,ratio_ci_hi,ratio_status,undefined_bootstrap_replicates,january_observed_days,april_observed_days,halfway_share,halfway_date,halfway_status,reconstructed_days,bootstrap_reps,bootstrap_seed,halfway_reference_status
nanao,0.01271024525281052,0.013455333564835636,0.0007450883120251172,1.0586210806483345,1.037998598919667,1.0819314252332166,defined,0,8,28,0.013082789408823077,20240213,reached,58,4000,0,provisional_md5_mismatch
wajima,0.0026447530587336513,0.0033239164819618924,0.0006791634232282411,1.2567965356861843,1.1965498998809934,1.322001230567396,defined,0,8,28,0.0029843347703477716,20240213,reached,58,4000,0,provisional_md5_mismatch
suzu,0.002877935656676232,0.0030376886802434134,0.00015975302356718152,1.0555095883386367,0.9998187003182332,1.125749539214127,defined,0,8,28,0.0029578121684598227,20240201,reached,58,4000,0,provisional_md5_mismatch
anamizu,0.002639924452595096,0.003124593131894105,0.00048466867929900913,1.1835918746926908,1.142297747549586,1.2280093404012538,defined,0,8,28,0.0028822587922446006,20240220,reached,58,4000,0,provisional_md5_mismatch
noto_cho,0.0030011388248118104,0.0032617115727496516,0.00026057274793784115,1.08682462330085,1.0429871477930273,1.1389653858293824,defined,0,8,28,0.0031314251987807308,20240214,reached,58,4000,0,provisional_md5_mismatch
shika,0.004928829755654964,0.005327277736138426,0.00039844798048346234,1.0808402806013564,1.0446711591049436,1.1213285771584172,defined,0,8,28,0.005128053745896696,20240213,reached,58,4000,0,provisional_md5_mismatch
nakanoto,0.007238251347505132,0.007020558472377006,-0.00021769287512812558,0.969924659330439,0.9522522054485906,0.9880894971774445,defined,0,8,28,0.007129404909941069,20240201,reached,58,4000,0,provisional_md5_mismatch
hakui,0.001849707436089051,0.0019304830992650415,8.077566317599041e-05,1.043669426634722,1.0105185379392057,1.0766014197988765,defined,0,8,28,0.0018900952676770464,20240219,reached,58,4000,0,provisional_md5_mismatch
outside_grid,0.13577939391672533,0.1458583409354283,0.01007894701870296,1.0742303138050864,1.0423671758915083,1.1063644406459814,defined,0,8,28,0.1408188674260768,,outside_bucket_not_predicted,0,4000,0,not_applicable
