date,muni,muni_jp,in_eval_box,n_shelters,n_evacuees,source,households_no_water
20240102,anamizu,穴水町,True,44.0,3206.0,202401022300shiryou.pdf,
20240102,hakui,羽咋市,False,9.0,292.0,202401022300shiryou.pdf,7700.0
20240102,hakusan,白山市,False,0.0,0.0,202401022300shiryou.pdf,
20240102,hodatsushimizu,宝達志水町,False,18.0,113.0,202401022300shiryou.pdf,3300.0
20240102,kaga,加賀市,False,3.0,19.0,202401022300shiryou.pdf,
20240102,kahoku,かほく市,False,9.0,52.0,202401022300shiryou.pdf,9800.0
20240102,kanazawa,金沢市,False,19.0,109.0,202401022300shiryou.pdf,588.0
20240102,kawakita,川北町,False,5.0,0.0,202401022300shiryou.pdf,
20240102,komatsu,小松市,False,1.0,26.0,202401022300shiryou.pdf,
20240102,nakanoto,中能登町,True,10.0,600.0,202401022300shiryou.pdf,
20240102,nanao,七尾市,True,,,,21500.0
20240102,nomi,能美市,False,2.0,27.0,202401022300shiryou.pdf,3.0
20240102,nonoichi,野々市市,False,16.0,0.0,202401022300shiryou.pdf,
20240102,noto_cho,能登町,True,59.0,5200.0,202401022300shiryou.pdf,7000.0
20240102,shika,志賀町,True,15.0,2572.0,202401022300shiryou.pdf,8800.0
20240102,suzu,珠洲市,True,21.0,6250.0,202401022300shiryou.pdf,7900.0
20240102,tsubata,津幡町,False,8.0,116.0,202401022300shiryou.pdf,15000.0
20240102,uchinada,内灘町,False,7.0,300.0,202401022300shiryou.pdf,7000.0
20240102,wajima,輪島市,True,70.0,9229.0,202401022300shiryou.pdf,9000.0
20240103,anamizu,穴水町,True,52.0,3828.0,202401031800siryou_2.pdf,
20240103,hakui,羽咋市,False,7.0,178.0,202401031800siryou_2.pdf,7700.0
20240103,hakusan,白山市,False,0.0,0.0,202401031800siryou_2.pdf,
20240103,hodatsushimizu,宝達志水町,False,18.0,113.0,202401031800siryou_2.pdf,3300.0
20240103,kaga,加賀市,False,2.0,12.0,202401031800siryou_2.pdf,
20240103,kahoku,かほく市,False,9.0,3.0,202401031800siryou_2.pdf,9800.0
20240103,kanazawa,金沢市,False,16.0,111.0,202401031800siryou_2.pdf,325.0
20240103,kawakita,川北町,False,0.0,0.0,202401031800siryou_2.pdf,
20240103,komatsu,小松市,False,1.0,3.0,202401031800siryou_2.pdf,
20240103,nakanoto,中能登町,True,10.0,600.0,202401031800siryou_2.pdf,
20240103,nanao,七尾市,True,32.0,3521.0,202401031800siryou_2.pdf,21500.0
20240103,nomi,能美市,False,0.0,0.0,202401031800siryou_2.pdf,3.0
20240103,nonoichi,野々市市,False,0.0,0.0,202401031800siryou_2.pdf,8700.0
20240103,noto_cho,能登町,True,65.0,5200.0,202401031800siryou_2.pdf,6200.0
20240103,shika,志賀町,True,15.0,2650.0,202401031800siryou_2.pdf,8800.0
20240103,suzu,珠洲市,True,21.0,6981.0,202401031800siryou_2.pdf,8000.0
20240103,tsubata,津幡町,False,5.0,78.0,202401031800siryou_2.pdf,8700.0
20240103,uchinada,内灘町,False,7.0,300.0,202401031800siryou_2.pdf,7000.0
20240103,wajima,輪島市,True,95.0,9863.0,202401031800siryou_2.pdf,9400.0
20240104,anamizu,穴水町,True,46.0,3794.0,202401041740shiryou.pdf,3200.0
20240104,hakui,羽咋市,False,7.0,174.0,202401041740shiryou.pdf,3046.0
20240104,hakusan,白山市,False,0.0,0.0,202401041740shiryou.pdf,
20240104,hodatsushimizu,宝達志水町,False,2.0,82.0,202401041740shiryou.pdf,100.0
20240104,kaga,加賀市,False,2.0,16.0,202401041740shiryou.pdf,
20240104,kahoku,かほく市,False,4.0,67.0,202401041740shiryou.pdf,360.0
20240104,kanazawa,金沢市,False,9.0,48.0,202401041740shiryou.pdf,200.0
20240104,kawakita,川北町,False,0.0,0.0,202401041740shiryou.pdf,
20240104,komatsu,小松市,False,1.0,0.0,202401041740shiryou.pdf,
20240104,nakanoto,中能登町,True,10.0,329.0,202401041740shiryou.pdf,
20240104,nanao,七尾市,True,32.0,2637.0,202401041740shiryou.pdf,21500.0
20240104,nomi,能美市,False,0.0,0.0,202401041740shiryou.pdf,3.0
20240104,nonoichi,野々市市,False,0.0,0.0,202401041740shiryou.pdf,
20240104,noto_cho,能登町,True,63.0,5505.0,202401041740shiryou.pdf,6200.0
20240104,shika,志賀町,True,14.0,1328.0,202401041740shiryou.pdf,8800.0
20240104,suzu,珠洲市,True,21.0,6981.0,202401041740shiryou.pdf,8100.0
20240104,tsubata,津幡町,False,3.0,19.0,202401041740shiryou.pdf,8700.0
20240104,uchinada,内灘町,False,6.0,110.0,202401041740shiryou.pdf,7000.0
20240104,wajima,輪島市,True,151.0,12440.0,202401041740shiryou.pdf,10600.0
20240105,anamizu,穴水町,True,46.0,3625.0,20241000shiryou.pdf,3200.0
20240105,hakui,羽咋市,False,3.0,167.0,20241000shiryou.pdf,3050.0
20240105,hakusan,白山市,False,0.0,0.0,20241000shiryou.pdf,
20240105,hodatsushimizu,宝達志水町,False,2.0,69.0,20241000shiryou.pdf,100.0
20240105,kaga,加賀市,False,2.0,16.0,20241000shiryou.pdf,
20240105,kahoku,かほく市,False,4.0,63.0,20241000shiryou.pdf,360.0
20240105,kanazawa,金沢市,False,9.0,48.0,20241000shiryou.pdf,200.0
20240105,kawakita,川北町,False,0.0,0.0,20241000shiryou.pdf,
20240105,komatsu,小松市,False,1.0,0.0,20241000shiryou.pdf,
20240105,nakanoto,中能登町,True,4.0,242.0,20241000shiryou.pdf,
20240105,nanao,七尾市,True,32.0,2681.0,20241000shiryou.pdf,21500.0
20240105,nomi,能美市,False,0.0,0.0,20241000shiryou.pdf,2.0
20240105,nonoichi,野々市市,False,0.0,0.0,20241000shiryou.pdf,
20240105,noto_cho,能登町,True,72.0,4930.0,20241000shiryou.pdf,6200.0
20240105,shika,志賀町,True,14.0,1239.0,20241000shiryou.pdf,8800.0
20240105,suzu,珠洲市,True,21.0,6981.0,20241000shiryou.pdf,7700.0
20240105,tsubata,津幡町,False,3.0,50.0,20241000shiryou.pdf,2000.0
20240105,uchinada,内灘町,False,6.0,110.0,20241000shiryou.pdf,1000.0
20240105,wajima,輪島市,True,154.0,12834.0,20241000shiryou.pdf,10500.0
20240106,anamizu,穴水町,True,46.0,2693.0,202401061600shiryou.pdf,3200.0
20240106,hakui,羽咋市,False,2.0,138.0,202401061600shiryou.pdf,3100.0
20240106,hakusan,白山市,False,0.0,0.0,202401061600shiryou.pdf,
20240106,hodatsushimizu,宝達志水町,False,2.0,59.0,202401061600shiryou.pdf,120.0
20240106,kaga,加賀市,False,1.0,8.0,202401061600shiryou.pdf,
20240106,kahoku,かほく市,False,3.0,61.0,202401061600shiryou.pdf,360.0
20240106,kanazawa,金沢市,False,2.0,30.0,202401061600shiryou.pdf,125.0
20240106,kawakita,川北町,False,0.0,0.0,202401061600shiryou.pdf,
20240106,komatsu,小松市,False,1.0,0.0,202401061600shiryou.pdf,
20240106,nakanoto,中能登町,True,4.0,242.0,202401061600shiryou.pdf,
20240106,nanao,七尾市,True,35.0,2466.0,202401061600shiryou.pdf,120.0
20240106,nomi,能美市,False,0.0,0.0,202401061600shiryou.pdf,2.0
20240106,nonoichi,野々市市,False,0.0,0.0,202401061600shiryou.pdf,
20240106,noto_cho,能登町,True,63.0,4170.0,202401061600shiryou.pdf,6200.0
20240106,shika,志賀町,True,14.0,1096.0,202401061600shiryou.pdf,8800.0
20240106,suzu,珠洲市,True,21.0,7122.0,202401061600shiryou.pdf,4800.0
20240106,tsubata,津幡町,False,2.0,22.0,202401061600shiryou.pdf,200.0
20240106,uchinada,内灘町,False,6.0,120.0,202401061600shiryou.pdf,1000.0
20240106,wajima,輪島市,True,164.0,12506.0,202401061600shiryou.pdf,9800.0
20240107,anamizu,穴水町,True,45.0,2669.0,dai14kai_saigaitaisakuhonnbuinnkaigi_siryou.pdf,3100.0
20240107,hakui,羽咋市,False,1.0,106.0,dai14kai_saigaitaisakuhonnbuinnkaigi_siryou.pdf,3100.0
20240107,hakusan,白山市,False,0.0,0.0,dai14kai_saigaitaisakuhonnbuinnkaigi_siryou.pdf,
20240107,hodatsushimizu,宝達志水町,False,2.0,59.0,dai14kai_saigaitaisakuhonnbuinnkaigi_siryou.pdf,50.0
20240107,kaga,加賀市,False,1.0,4.0,dai14kai_saigaitaisakuhonnbuinnkaigi_siryou.pdf,
20240107,kahoku,かほく市,False,2.0,55.0,dai14kai_saigaitaisakuhonnbuinnkaigi_siryou.pdf,300.0
20240107,kanazawa,金沢市,False,2.0,30.0,dai14kai_saigaitaisakuhonnbuinnkaigi_siryou.pdf,125.0
20240107,kawakita,川北町,False,0.0,0.0,dai14kai_saigaitaisakuhonnbuinnkaigi_siryou.pdf,
20240107,komatsu,小松市,False,1.0,1.0,dai14kai_saigaitaisakuhonnbuinnkaigi_siryou.pdf,
20240107,nakanoto,中能登町,True,4.0,184.0,dai14kai_saigaitaisakuhonnbuinnkaigi_siryou.pdf,
20240107,nanao,七尾市,True,35.0,2078.0,dai14kai_saigaitaisakuhonnbuinnkaigi_siryou.pdf,550.0
20240107,nomi,能美市,False,0.0,0.0,dai14kai_saigaitaisakuhonnbuinnkaigi_siryou.pdf,2.0
20240107,nonoichi,野々市市,False,0.0,0.0,dai14kai_saigaitaisakuhonnbuinnkaigi_siryou.pdf,
20240107,noto_cho,能登町,True,69.0,3833.0,dai14kai_saigaitaisakuhonnbuinnkaigi_siryou.pdf,6200.0
20240107,shika,志賀町,True,14.0,853.0,dai14kai_saigaitaisakuhonnbuinnkaigi_siryou.pdf,8800.0
20240107,suzu,珠洲市,True,62.0,6869.0,dai14kai_saigaitaisakuhonnbuinnkaigi_siryou.pdf,4800.0
20240107,tsubata,津幡町,False,2.0,28.0,dai14kai_saigaitaisakuhonnbuinnkaigi_siryou.pdf,40.0
20240107,uchinada,内灘町,False,4.0,120.0,dai14kai_saigaitaisakuhonnbuinnkaigi_siryou.pdf,1000.0
20240107,wajima,輪島市,True,160.0,11932.0,dai14kai_saigaitaisakuhonnbuinnkaigi_siryou.pdf,8500.0
20240108,anamizu,穴水町,True,43.0,2646.0,0108shiryou.pdf,1900.0
20240108,hakui,羽咋市,False,1.0,106.0,0108shiryou.pdf,2700.0
20240108,hakusan,白山市,False,0.0,0.0,0108shiryou.pdf,
20240108,hodatsushimizu,宝達志水町,False,2.0,48.0,0108shiryou.pdf,12.0
20240108,kaga,加賀市,False,1.0,4.0,0108shiryou.pdf,
20240108,kahoku,かほく市,False,2.0,49.0,0108shiryou.pdf,300.0
20240108,kanazawa,金沢市,False,2.0,39.0,0108shiryou.pdf,110.0
20240108,kawakita,川北町,False,0.0,0.0,0108shiryou.pdf,
20240108,komatsu,小松市,False,1.0,0.0,0108shiryou.pdf,
20240108,nakanoto,中能登町,True,4.0,109.0,0108shiryou.pdf,
20240108,nanao,七尾市,True,33.0,2073.0,0108shiryou.pdf,400.0
20240108,nomi,能美市,False,0.0,0.0,0108shiryou.pdf,2.0
20240108,nonoichi,野々市市,False,0.0,0.0,0108shiryou.pdf,
20240108,noto_cho,能登町,True,60.0,3015.0,0108shiryou.pdf,5810.0
20240108,shika,志賀町,True,14.0,853.0,0108shiryou.pdf,8800.0
20240108,suzu,珠洲市,True,63.0,6617.0,0108shiryou.pdf,4800.0
20240108,tsubata,津幡町,False,1.0,35.0,0108shiryou.pdf,
20240108,uchinada,内灘町,False,4.0,138.0,0108shiryou.pdf,1000.0
20240108,wajima,輪島市,True,160.0,12428.0,0108shiryou.pdf,7800.0
20240109,anamizu,穴水町,True,42.0,2198.0,0109kaigisiryou.pdf,1700.0
20240109,hakui,羽咋市,False,1.0,103.0,0109kaigisiryou.pdf,2700.0
20240109,hakusan,白山市,False,0.0,0.0,0109kaigisiryou.pdf,
20240109,hodatsushimizu,宝達志水町,False,1.0,42.0,0109kaigisiryou.pdf,
20240109,kaga,加賀市,False,1.0,4.0,0109kaigisiryou.pdf,
20240109,kahoku,かほく市,False,2.0,46.0,0109kaigisiryou.pdf,300.0
20240109,kanazawa,金沢市,False,2.0,33.0,0109kaigisiryou.pdf,76.0
20240109,kawakita,川北町,False,0.0,0.0,0109kaigisiryou.pdf,
20240109,komatsu,小松市,False,5.0,168.0,0109kaigisiryou.pdf,
20240109,nakanoto,中能登町,True,4.0,71.0,0109kaigisiryou.pdf,
20240109,nanao,七尾市,True,33.0,1758.0,0109kaigisiryou.pdf,10.0
20240109,nomi,能美市,False,0.0,0.0,0109kaigisiryou.pdf,2.0
20240109,nonoichi,野々市市,False,0.0,0.0,0109kaigisiryou.pdf,
20240109,noto_cho,能登町,True,63.0,2898.0,0109kaigisiryou.pdf,5810.0
20240109,shika,志賀町,True,14.0,825.0,0109kaigisiryou.pdf,8800.0
20240109,suzu,珠洲市,True,67.0,5842.0,0109kaigisiryou.pdf,4800.0
20240109,tsubata,津幡町,False,1.0,24.0,0109kaigisiryou.pdf,
20240109,uchinada,内灘町,False,4.0,134.0,0109kaigisiryou.pdf,950.0
20240109,wajima,輪島市,True,164.0,12012.0,0109kaigisiryou.pdf,6200.0
20240111,anamizu,穴水町,True,44.0,1884.0,0111_1600_kaigisiryou.pdf,1700.0
20240111,hakui,羽咋市,False,1.0,91.0,0111_1600_kaigisiryou.pdf,2600.0
20240111,hakusan,白山市,False,0.0,0.0,0111_1600_kaigisiryou.pdf,
20240111,hodatsushimizu,宝達志水町,False,1.0,29.0,0111_1600_kaigisiryou.pdf,
20240111,kaga,加賀市,False,0.0,0.0,0111_1600_kaigisiryou.pdf,
20240111,kahoku,かほく市,False,2.0,42.0,0111_1600_kaigisiryou.pdf,90.0
20240111,kanazawa,金沢市,False,6.0,192.0,0111_1600_kaigisiryou.pdf,
20240111,kawakita,川北町,False,0.0,0.0,0111_1600_kaigisiryou.pdf,
20240111,komatsu,小松市,False,0.0,0.0,0111_1600_kaigisiryou.pdf,
20240111,nakanoto,中能登町,True,3.0,97.0,0111_1600_kaigisiryou.pdf,
20240111,nanao,七尾市,True,28.0,2008.0,0111_1600_kaigisiryou.pdf,10.0
20240111,nomi,能美市,False,0.0,0.0,0111_1600_kaigisiryou.pdf,2.0
20240111,nonoichi,野々市市,False,0.0,0.0,0111_1600_kaigisiryou.pdf,
20240111,noto_cho,能登町,True,62.0,2409.0,0111_1600_kaigisiryou.pdf,6100.0
20240111,shika,志賀町,True,14.0,861.0,0111_1600_kaigisiryou.pdf,8800.0
20240111,suzu,珠洲市,True,67.0,5319.0,0111_1600_kaigisiryou.pdf,4800.0
20240111,tsubata,津幡町,False,1.0,33.0,0111_1600_kaigisiryou.pdf,
20240111,uchinada,内灘町,False,4.0,123.0,0111_1600_kaigisiryou.pdf,860.0
20240111,wajima,輪島市,True,167.0,10562.0,0111_1600_kaigisiryou.pdf,6100.0
20240112,anamizu,穴水町,True,45.0,1876.0,0112kaigisiryou.pdf,1700.0
20240112,hakui,羽咋市,False,1.0,90.0,0112kaigisiryou.pdf,1350.0
20240112,hakusan,白山市,False,0.0,0.0,0112kaigisiryou.pdf,
20240112,hodatsushimizu,宝達志水町,False,1.0,29.0,0112kaigisiryou.pdf,
20240112,kaga,加賀市,False,0.0,0.0,0112kaigisiryou.pdf,
20240112,kahoku,かほく市,False,2.0,42.0,0112kaigisiryou.pdf,80.0
20240112,kanazawa,金沢市,False,8.0,286.0,0112kaigisiryou.pdf,
20240112,kawakita,川北町,False,0.0,0.0,0112kaigisiryou.pdf,
20240112,komatsu,小松市,False,0.0,0.0,0112kaigisiryou.pdf,
20240112,nakanoto,中能登町,True,3.0,75.0,0112kaigisiryou.pdf,
20240112,nanao,七尾市,True,28.0,1934.0,0112kaigisiryou.pdf,10.0
20240112,nomi,能美市,False,0.0,0.0,0112kaigisiryou.pdf,
20240112,nonoichi,野々市市,False,0.0,0.0,0112kaigisiryou.pdf,
20240112,noto_cho,能登町,True,60.0,2221.0,0112kaigisiryou.pdf,6100.0
20240112,shika,志賀町,True,14.0,798.0,0112kaigisiryou.pdf,8800.0
20240112,suzu,珠洲市,True,67.0,5319.0,0112kaigisiryou.pdf,4800.0
20240112,tsubata,津幡町,False,1.0,44.0,0112kaigisiryou.pdf,
20240112,uchinada,内灘町,False,3.0,135.0,0112kaigisiryou.pdf,860.0
20240112,wajima,輪島市,True,150.0,9524.0,0112kaigisiryou.pdf,5700.0
20240113,anamizu,穴水町,True,44.0,1825.0,0113kaigisiryou.pdf,1700.0
20240113,hakui,羽咋市,False,1.0,88.0,0113kaigisiryou.pdf,1350.0
20240113,hakusan,白山市,False,0.0,0.0,0113kaigisiryou.pdf,
20240113,hodatsushimizu,宝達志水町,False,1.0,29.0,0113kaigisiryou.pdf,
20240113,kaga,加賀市,False,0.0,0.0,0113kaigisiryou.pdf,
20240113,kahoku,かほく市,False,2.0,40.0,0113kaigisiryou.pdf,40.0
20240113,kanazawa,金沢市,False,8.0,330.0,0113kaigisiryou.pdf,
20240113,kawakita,川北町,False,0.0,0.0,0113kaigisiryou.pdf,
20240113,komatsu,小松市,False,0.0,0.0,0113kaigisiryou.pdf,
20240113,nakanoto,中能登町,True,3.0,67.0,0113kaigisiryou.pdf,
20240113,nanao,七尾市,True,28.0,1933.0,0113kaigisiryou.pdf,10.0
20240113,nomi,能美市,False,0.0,0.0,0113kaigisiryou.pdf,
20240113,nonoichi,野々市市,False,0.0,0.0,0113kaigisiryou.pdf,
20240113,noto_cho,能登町,True,60.0,2143.0,0113kaigisiryou.pdf,6100.0
20240113,shika,志賀町,True,43.0,1199.0,0113kaigisiryou.pdf,8800.0
20240113,suzu,珠洲市,True,60.0,4428.0,0113kaigisiryou.pdf,4800.0
20240113,tsubata,津幡町,False,1.0,43.0,0113kaigisiryou.pdf,
20240113,uchinada,内灘町,False,3.0,135.0,0113kaigisiryou.pdf,860.0
20240113,wajima,輪島市,True,148.0,8537.0,0113kaigisiryou.pdf,5600.0
20240114,anamizu,穴水町,True,44.0,1825.0,20240114shiryou.pdf,310.0
20240114,hakui,羽咋市,False,1.0,77.0,20240114shiryou.pdf,1350.0
20240114,hakusan,白山市,False,0.0,0.0,20240114shiryou.pdf,
20240114,hodatsushimizu,宝達志水町,False,1.0,25.0,20240114shiryou.pdf,
20240114,kaga,加賀市,False,0.0,0.0,20240114shiryou.pdf,
20240114,kahoku,かほく市,False,2.0,39.0,20240114shiryou.pdf,8.0
20240114,kanazawa,金沢市,False,9.0,326.0,20240114shiryou.pdf,
20240114,kawakita,川北町,False,0.0,0.0,20240114shiryou.pdf,
20240114,komatsu,小松市,False,0.0,0.0,20240114shiryou.pdf,
20240114,nakanoto,中能登町,True,2.0,58.0,20240114shiryou.pdf,
20240114,nanao,七尾市,True,28.0,1857.0,20240114shiryou.pdf,10.0
20240114,nomi,能美市,False,0.0,0.0,20240114shiryou.pdf,
20240114,nonoichi,野々市市,False,0.0,0.0,20240114shiryou.pdf,
20240114,noto_cho,能登町,True,60.0,2016.0,20240114shiryou.pdf,6100.0
20240114,shika,志賀町,True,41.0,1150.0,20240114shiryou.pdf,8800.0
20240114,suzu,珠洲市,True,51.0,3843.0,20240114shiryou.pdf,4800.0
20240114,tsubata,津幡町,False,1.0,43.0,20240114shiryou.pdf,
20240114,uchinada,内灘町,False,3.0,144.0,20240114shiryou.pdf,860.0
20240114,wajima,輪島市,True,146.0,7611.0,20240114shiryou.pdf,5600.0
20240115,anamizu,穴水町,True,43.0,1800.0,0115kaigisiryou.pdf,310.0
20240115,hakui,羽咋市,False,2.0,103.0,0115kaigisiryou.pdf,1350.0
20240115,hakusan,白山市,False,1.0,45.0,0115kaigisiryou.pdf,
20240115,hodatsushimizu,宝達志水町,False,1.0,24.0,0115kaigisiryou.pdf,
20240115,kaga,加賀市,False,0.0,0.0,0115kaigisiryou.pdf,
20240115,kahoku,かほく市,False,2.0,29.0,0115kaigisiryou.pdf,
20240115,kanazawa,金沢市,False,9.0,335.0,0115kaigisiryou.pdf,
20240115,kawakita,川北町,False,0.0,0.0,0115kaigisiryou.pdf,
20240115,komatsu,小松市,False,1.0,4.0,0115kaigisiryou.pdf,
20240115,nakanoto,中能登町,True,2.0,52.0,0115kaigisiryou.pdf,
20240115,nanao,七尾市,True,28.0,1718.0,0115kaigisiryou.pdf,10.0
20240115,nomi,能美市,False,0.0,0.0,0115kaigisiryou.pdf,
20240115,nonoichi,野々市市,False,0.0,0.0,0115kaigisiryou.pdf,
20240115,noto_cho,能登町,True,58.0,1799.0,0115kaigisiryou.pdf,6100.0
20240115,shika,志賀町,True,41.0,1150.0,0115kaigisiryou.pdf,8800.0
20240115,suzu,珠洲市,True,49.0,3170.0,0115kaigisiryou.pdf,4800.0
20240115,tsubata,津幡町,False,1.0,30.0,0115kaigisiryou.pdf,
20240115,uchinada,内灘町,False,3.0,128.0,0115kaigisiryou.pdf,860.0
20240115,wajima,輪島市,True,149.0,6355.0,0115kaigisiryou.pdf,5200.0
20240116,anamizu,穴水町,True,39.0,1710.0,0116kaigisiryou.pdf,310.0
20240116,hakui,羽咋市,False,2.0,100.0,0116kaigisiryou.pdf,650.0
20240116,hakusan,白山市,False,1.0,43.0,0116kaigisiryou.pdf,
20240116,hodatsushimizu,宝達志水町,False,1.0,24.0,0116kaigisiryou.pdf,
20240116,kaga,加賀市,False,0.0,0.0,0116kaigisiryou.pdf,
20240116,kahoku,かほく市,False,2.0,23.0,0116kaigisiryou.pdf,
20240116,kanazawa,金沢市,False,10.0,340.0,0116kaigisiryou.pdf,
20240116,kawakita,川北町,False,0.0,0.0,0116kaigisiryou.pdf,
20240116,komatsu,小松市,False,1.0,4.0,0116kaigisiryou.pdf,
20240116,nakanoto,中能登町,True,2.0,41.0,0116kaigisiryou.pdf,
20240116,nanao,七尾市,True,28.0,1741.0,0116kaigisiryou.pdf,10.0
20240116,nomi,能美市,False,0.0,0.0,0116kaigisiryou.pdf,
20240116,nonoichi,野々市市,False,0.0,0.0,0116kaigisiryou.pdf,
20240116,noto_cho,能登町,True,58.0,1761.0,0116kaigisiryou.pdf,6100.0
20240116,shika,志賀町,True,40.0,1107.0,0116kaigisiryou.pdf,7900.0
20240116,suzu,珠洲市,True,47.0,2796.0,0116kaigisiryou.pdf,4800.0
20240116,tsubata,津幡町,False,1.0,28.0,0116kaigisiryou.pdf,
20240116,uchinada,内灘町,False,3.0,126.0,0116kaigisiryou.pdf,860.0
20240116,wajima,輪島市,True,137.0,6226.0,0116kaigisiryou.pdf,5100.0
20240118,anamizu,穴水町,True,39.0,1652.0,0118kaigisiryou.pdf,310.0
20240118,hakui,羽咋市,False,2.0,92.0,0118kaigisiryou.pdf,440.0
20240118,hakusan,白山市,False,3.0,383.0,0118kaigisiryou.pdf,
20240118,hodatsushimizu,宝達志水町,False,1.0,24.0,0118kaigisiryou.pdf,
20240118,kaga,加賀市,False,0.0,0.0,0118kaigisiryou.pdf,
20240118,kahoku,かほく市,False,2.0,20.0,0118kaigisiryou.pdf,
20240118,kanazawa,金沢市,False,10.0,329.0,0118kaigisiryou.pdf,
20240118,kawakita,川北町,False,0.0,0.0,0118kaigisiryou.pdf,
20240118,komatsu,小松市,False,1.0,4.0,0118kaigisiryou.pdf,
20240118,nakanoto,中能登町,True,2.0,50.0,0118kaigisiryou.pdf,
20240118,nanao,七尾市,True,26.0,1560.0,0118kaigisiryou.pdf,10.0
20240118,nomi,能美市,False,0.0,0.0,0118kaigisiryou.pdf,
20240118,nonoichi,野々市市,False,2.0,97.0,0118kaigisiryou.pdf,
20240118,noto_cho,能登町,True,56.0,1508.0,0118kaigisiryou.pdf,5900.0
20240118,shika,志賀町,True,40.0,1067.0,0118kaigisiryou.pdf,60.0
20240118,suzu,珠洲市,True,46.0,2549.0,0118kaigisiryou.pdf,4800.0
20240118,tsubata,津幡町,False,1.0,28.0,0118kaigisiryou.pdf,
20240118,uchinada,内灘町,False,3.0,118.0,0118kaigisiryou.pdf,850.0
20240118,wajima,輪島市,True,136.0,5649.0,0118kaigisiryou.pdf,4500.0
20240119,anamizu,穴水町,True,39.0,1656.0,0119kaigishiryou.pdf,340.0
20240119,hakui,羽咋市,False,2.0,93.0,0119kaigishiryou.pdf,440.0
20240119,hakusan,白山市,False,3.0,393.0,0119kaigishiryou.pdf,
20240119,hodatsushimizu,宝達志水町,False,1.0,24.0,0119kaigishiryou.pdf,
20240119,kaga,加賀市,False,0.0,0.0,0119kaigishiryou.pdf,
20240119,kahoku,かほく市,False,2.0,20.0,0119kaigishiryou.pdf,
20240119,kanazawa,金沢市,False,9.0,341.0,0119kaigishiryou.pdf,
20240119,kawakita,川北町,False,0.0,0.0,0119kaigishiryou.pdf,
20240119,komatsu,小松市,False,1.0,4.0,0119kaigishiryou.pdf,
20240119,nakanoto,中能登町,True,2.0,44.0,0119kaigishiryou.pdf,
20240119,nanao,七尾市,True,26.0,1499.0,0119kaigishiryou.pdf,20.0
20240119,nomi,能美市,False,2.0,17.0,0119kaigishiryou.pdf,
20240119,nonoichi,野々市市,False,2.0,97.0,0119kaigishiryou.pdf,
20240119,noto_cho,能登町,True,56.0,1461.0,0119kaigishiryou.pdf,5900.0
20240119,shika,志賀町,True,37.0,1010.0,0119kaigishiryou.pdf,7000.0
20240119,suzu,珠洲市,True,45.0,2335.0,0119kaigishiryou.pdf,4800.0
20240119,tsubata,津幡町,False,1.0,28.0,0119kaigishiryou.pdf,
20240119,uchinada,内灘町,False,3.0,115.0,0119kaigishiryou.pdf,850.0
20240119,wajima,輪島市,True,128.0,4797.0,0119kaigishiryou.pdf,4800.0
20240121,anamizu,穴水町,True,39.0,1656.0,0121shiryo.pdf,240.0
20240121,hakui,羽咋市,False,1.0,57.0,0121shiryo.pdf,430.0
20240121,hakusan,白山市,False,0.0,0.0,0121shiryo.pdf,
20240121,hodatsushimizu,宝達志水町,False,1.0,23.0,0121shiryo.pdf,
20240121,kaga,加賀市,False,0.0,0.0,0121shiryo.pdf,
20240121,kahoku,かほく市,False,2.0,20.0,0121shiryo.pdf,
20240121,kanazawa,金沢市,False,3.0,27.0,0121shiryo.pdf,
20240121,kawakita,川北町,False,0.0,0.0,0121shiryo.pdf,
20240121,komatsu,小松市,False,0.0,0.0,0121shiryo.pdf,
20240121,nakanoto,中能登町,True,2.0,40.0,0121shiryo.pdf,
20240121,nanao,七尾市,True,26.0,1417.0,0121shiryo.pdf,10.0
20240121,nomi,能美市,False,0.0,0.0,0121shiryo.pdf,
20240121,nonoichi,野々市市,False,0.0,0.0,0121shiryo.pdf,
20240121,noto_cho,能登町,True,56.0,1279.0,0121shiryo.pdf,5800.0
20240121,shika,志賀町,True,36.0,1027.0,0121shiryo.pdf,7000.0
20240121,suzu,珠洲市,True,46.0,2024.0,0121shiryo.pdf,4800.0
20240121,tsubata,津幡町,False,1.0,17.0,0121shiryo.pdf,
20240121,uchinada,内灘町,False,3.0,101.0,0121shiryo.pdf,760.0
20240121,wajima,輪島市,True,111.0,4134.0,0121shiryo.pdf,3400.0
20240123,anamizu,穴水町,True,38.0,1625.0,0123siryo.pdf,150.0
20240123,hakui,羽咋市,False,1.0,55.0,0123siryo.pdf,140.0
20240123,hakusan,白山市,False,0.0,0.0,0123siryo.pdf,
20240123,hodatsushimizu,宝達志水町,False,1.0,23.0,0123siryo.pdf,
20240123,kaga,加賀市,False,0.0,0.0,0123siryo.pdf,
20240123,kahoku,かほく市,False,1.0,20.0,0123siryo.pdf,
20240123,kanazawa,金沢市,False,3.0,27.0,0123siryo.pdf,
20240123,kawakita,川北町,False,0.0,0.0,0123siryo.pdf,
20240123,komatsu,小松市,False,0.0,0.0,0123siryo.pdf,
20240123,nakanoto,中能登町,True,2.0,53.0,0123siryo.pdf,
20240123,nanao,七尾市,True,26.0,1318.0,0123siryo.pdf,10.0
20240123,nomi,能美市,False,0.0,0.0,0123siryo.pdf,
20240123,nonoichi,野々市市,False,0.0,0.0,0123siryo.pdf,
20240123,noto_cho,能登町,True,51.0,1132.0,0123siryo.pdf,5600.0
20240123,shika,志賀町,True,33.0,1081.0,0123siryo.pdf,5700.0
20240123,suzu,珠洲市,True,46.0,1876.0,0123siryo.pdf,4800.0
20240123,tsubata,津幡町,False,1.0,17.0,0123siryo.pdf,
20240123,uchinada,内灘町,False,3.0,95.0,0123siryo.pdf,760.0
20240123,wajima,輪島市,True,94.0,3501.0,0123siryo.pdf,2700.0
20240125,anamizu,穴水町,True,33.0,1120.0,0125shiryou.pdf,120.0
20240125,hakui,羽咋市,False,1.0,48.0,0125shiryou.pdf,100.0
20240125,hakusan,白山市,False,0.0,0.0,0125shiryou.pdf,
20240125,hodatsushimizu,宝達志水町,False,1.0,23.0,0125shiryou.pdf,
20240125,kaga,加賀市,False,0.0,0.0,0125shiryou.pdf,
20240125,kahoku,かほく市,False,1.0,20.0,0125shiryou.pdf,
20240125,kanazawa,金沢市,False,3.0,27.0,0125shiryou.pdf,
20240125,kawakita,川北町,False,0.0,0.0,0125shiryou.pdf,
20240125,komatsu,小松市,False,0.0,0.0,0125shiryou.pdf,
20240125,nakanoto,中能登町,True,2.0,42.0,0125shiryou.pdf,
20240125,nanao,七尾市,True,26.0,1249.0,0125shiryou.pdf,10.0
20240125,nomi,能美市,False,0.0,0.0,0125shiryou.pdf,
20240125,nonoichi,野々市市,False,0.0,0.0,0125shiryou.pdf,
20240125,noto_cho,能登町,True,50.0,1068.0,0125shiryou.pdf,5500.0
20240125,shika,志賀町,True,32.0,1045.0,0125shiryou.pdf,5700.0
20240125,suzu,珠洲市,True,45.0,1808.0,0125shiryou.pdf,4800.0
20240125,tsubata,津幡町,False,1.0,15.0,0125shiryou.pdf,
20240125,uchinada,内灘町,False,3.0,91.0,0125shiryou.pdf,760.0
20240125,wajima,輪島市,True,92.0,3358.0,0125shiryou.pdf,2600.0
20240127,anamizu,穴水町,True,32.0,1090.0,0127shiryou_2_1.pdf,120.0
20240127,hakui,羽咋市,False,1.0,48.0,0127shiryou_2_1.pdf,60.0
20240127,hakusan,白山市,False,0.0,0.0,0127shiryou_2_1.pdf,
20240127,hodatsushimizu,宝達志水町,False,1.0,21.0,0127shiryou_2_1.pdf,
20240127,kaga,加賀市,False,0.0,0.0,0127shiryou_2_1.pdf,
20240127,kahoku,かほく市,False,1.0,20.0,0127shiryou_2_1.pdf,
20240127,kanazawa,金沢市,False,3.0,22.0,0127shiryou_2_1.pdf,
20240127,kawakita,川北町,False,0.0,0.0,0127shiryou_2_1.pdf,
20240127,komatsu,小松市,False,0.0,0.0,0127shiryou_2_1.pdf,
20240127,nakanoto,中能登町,True,1.0,29.0,0127shiryou_2_1.pdf,
20240127,nanao,七尾市,True,38.0,1313.0,0127shiryou_2_1.pdf,10.0
20240127,nomi,能美市,False,0.0,0.0,0127shiryou_2_1.pdf,
20240127,nonoichi,野々市市,False,0.0,0.0,0127shiryou_2_1.pdf,
20240127,noto_cho,能登町,True,50.0,1049.0,0127shiryou_2_1.pdf,5300.0
20240127,shika,志賀町,True,32.0,1015.0,0127shiryou_2_1.pdf,4700.0
20240127,suzu,珠洲市,True,45.0,1631.0,0127shiryou_2_1.pdf,4800.0
20240127,tsubata,津幡町,False,1.0,15.0,0127shiryou_2_1.pdf,
20240127,uchinada,内灘町,False,3.0,89.0,0127shiryou_2_1.pdf,630.0
20240127,wajima,輪島市,True,95.0,3161.0,0127shiryou_2_1.pdf,2400.0
20240129,anamizu,穴水町,True,32.0,1090.0,kaigishiryou.pdf,100.0
20240129,hakui,羽咋市,False,1.0,46.0,kaigishiryou.pdf,60.0
20240129,hakusan,白山市,False,0.0,0.0,kaigishiryou.pdf,
20240129,hodatsushimizu,宝達志水町,False,1.0,12.0,kaigishiryou.pdf,
20240129,kaga,加賀市,False,0.0,0.0,kaigishiryou.pdf,
20240129,kahoku,かほく市,False,1.0,20.0,kaigishiryou.pdf,
20240129,kanazawa,金沢市,False,3.0,22.0,kaigishiryou.pdf,
20240129,kawakita,川北町,False,0.0,0.0,kaigishiryou.pdf,
20240129,komatsu,小松市,False,0.0,0.0,kaigishiryou.pdf,
20240129,nakanoto,中能登町,True,1.0,22.0,kaigishiryou.pdf,
20240129,nanao,七尾市,True,36.0,1175.0,kaigishiryou.pdf,10.0
20240129,nomi,能美市,False,0.0,0.0,kaigishiryou.pdf,
20240129,nonoichi,野々市市,False,0.0,0.0,kaigishiryou.pdf,
20240129,noto_cho,能登町,True,49.0,992.0,kaigishiryou.pdf,5200.0
20240129,shika,志賀町,True,32.0,973.0,kaigishiryou.pdf,4000.0
20240129,suzu,珠洲市,True,45.0,1517.0,kaigishiryou.pdf,4800.0
20240129,tsubata,津幡町,False,1.0,15.0,kaigishiryou.pdf,
20240129,uchinada,内灘町,False,2.0,83.0,kaigishiryou.pdf,630.0
20240129,wajima,輪島市,True,90.0,2978.0,kaigishiryou.pdf,1700.0
20240131,anamizu,穴水町,True,31.0,936.0,0131siryou.pdf,100.0
20240131,hakui,羽咋市,False,1.0,41.0,0131siryou.pdf,60.0
20240131,hakusan,白山市,False,0.0,0.0,0131siryou.pdf,
20240131,hodatsushimizu,宝達志水町,False,1.0,8.0,0131siryou.pdf,
20240131,kaga,加賀市,False,0.0,0.0,0131siryou.pdf,
20240131,kahoku,かほく市,False,1.0,20.0,0131siryou.pdf,
20240131,kanazawa,金沢市,False,3.0,14.0,0131siryou.pdf,
20240131,kawakita,川北町,False,0.0,0.0,0131siryou.pdf,
20240131,komatsu,小松市,False,0.0,0.0,0131siryou.pdf,
20240131,nakanoto,中能登町,True,1.0,25.0,0131siryou.pdf,
20240131,nanao,七尾市,True,36.0,1172.0,0131siryou.pdf,10.0
20240131,nomi,能美市,False,0.0,0.0,0131siryou.pdf,
20240131,nonoichi,野々市市,False,0.0,0.0,0131siryou.pdf,
20240131,noto_cho,能登町,True,49.0,957.0,0131siryou.pdf,5000.0
20240131,shika,志賀町,True,31.0,957.0,0131siryou.pdf,3800.0
20240131,suzu,珠洲市,True,44.0,1520.0,0131siryou.pdf,4800.0
20240131,tsubata,津幡町,False,1.0,15.0,0131siryou.pdf,
20240131,uchinada,内灘町,False,2.0,81.0,0131siryou.pdf,630.0
20240131,wajima,輪島市,True,87.0,2833.0,0131siryou.pdf,1400.0
20240202,anamizu,穴水町,True,30.0,911.0,0202_shiryou.pdf,50.0
20240202,hakui,羽咋市,False,1.0,40.0,0202_shiryou.pdf,
20240202,hakusan,白山市,False,0.0,0.0,0202_shiryou.pdf,
20240202,hodatsushimizu,宝達志水町,False,1.0,2.0,0202_shiryou.pdf,
20240202,kaga,加賀市,False,0.0,0.0,0202_shiryou.pdf,
20240202,kahoku,かほく市,False,1.0,20.0,0202_shiryou.pdf,
20240202,kanazawa,金沢市,False,3.0,14.0,0202_shiryou.pdf,
20240202,kawakita,川北町,False,0.0,0.0,0202_shiryou.pdf,
20240202,komatsu,小松市,False,0.0,0.0,0202_shiryou.pdf,
20240202,nakanoto,中能登町,True,1.0,23.0,0202_shiryou.pdf,
20240202,nanao,七尾市,True,36.0,1089.0,0202_shiryou.pdf,10.0
20240202,nomi,能美市,False,0.0,0.0,0202_shiryou.pdf,
20240202,nonoichi,野々市市,False,0.0,0.0,0202_shiryou.pdf,
20240202,noto_cho,能登町,True,47.0,888.0,0202_shiryou.pdf,5000.0
20240202,shika,志賀町,True,29.0,823.0,0202_shiryou.pdf,3600.0
20240202,suzu,珠洲市,True,44.0,1441.0,0202_shiryou.pdf,4800.0
20240202,tsubata,津幡町,False,1.0,15.0,0202_shiryou.pdf,
20240202,uchinada,内灘町,False,2.0,78.0,0202_shiryou.pdf,570.0
20240202,wajima,輪島市,True,87.0,2685.0,0202_shiryou.pdf,1200.0
20240205,anamizu,穴水町,True,30.0,890.0,0205_shiryou.pdf,50.0
20240205,hakui,羽咋市,False,1.0,39.0,0205_shiryou.pdf,
20240205,hakusan,白山市,False,0.0,0.0,0205_shiryou.pdf,
20240205,hodatsushimizu,宝達志水町,False,1.0,2.0,0205_shiryou.pdf,
20240205,kaga,加賀市,False,0.0,0.0,0205_shiryou.pdf,
20240205,kahoku,かほく市,False,1.0,20.0,0205_shiryou.pdf,
20240205,kanazawa,金沢市,False,3.0,14.0,0205_shiryou.pdf,
20240205,kawakita,川北町,False,0.0,0.0,0205_shiryou.pdf,
20240205,komatsu,小松市,False,0.0,0.0,0205_shiryou.pdf,
20240205,nakanoto,中能登町,True,1.0,29.0,0205_shiryou.pdf,
20240205,nanao,七尾市,True,35.0,1029.0,0205_shiryou.pdf,10.0
20240205,nomi,能美市,False,0.0,0.0,0205_shiryou.pdf,
20240205,nonoichi,野々市市,False,0.0,0.0,0205_shiryou.pdf,
20240205,noto_cho,能登町,True,46.0,864.0,0205_shiryou.pdf,5000.0
20240205,shika,志賀町,True,28.0,734.0,0205_shiryou.pdf,2660.0
20240205,suzu,珠洲市,True,45.0,1393.0,0205_shiryou.pdf,4800.0
20240205,tsubata,津幡町,False,1.0,13.0,0205_shiryou.pdf,
20240205,uchinada,内灘町,False,2.0,70.0,0205_shiryou.pdf,570.0
20240205,wajima,輪島市,True,79.0,2469.0,0205_shiryou.pdf,1100.0
20240208,anamizu,穴水町,True,28.0,864.0,0208shiryou.pdf,50.0
20240208,hakui,羽咋市,False,1.0,31.0,0208shiryou.pdf,
20240208,hakusan,白山市,False,0.0,0.0,0208shiryou.pdf,
20240208,hodatsushimizu,宝達志水町,False,0.0,0.0,0208shiryou.pdf,
20240208,kaga,加賀市,False,0.0,0.0,0208shiryou.pdf,
20240208,kahoku,かほく市,False,1.0,20.0,0208shiryou.pdf,
20240208,kanazawa,金沢市,False,3.0,13.0,0208shiryou.pdf,
20240208,kawakita,川北町,False,0.0,0.0,0208shiryou.pdf,
20240208,komatsu,小松市,False,0.0,0.0,0208shiryou.pdf,
20240208,nakanoto,中能登町,True,1.0,28.0,0208shiryou.pdf,
20240208,nanao,七尾市,True,35.0,1003.0,0208shiryou.pdf,10.0
20240208,nomi,能美市,False,0.0,0.0,0208shiryou.pdf,
20240208,nonoichi,野々市市,False,0.0,0.0,0208shiryou.pdf,
20240208,noto_cho,能登町,True,45.0,824.0,0208shiryou.pdf,4500.0
20240208,shika,志賀町,True,25.0,664.0,0208shiryou.pdf,2100.0
20240208,suzu,珠洲市,True,45.0,1375.0,0208shiryou.pdf,4800.0
20240208,tsubata,津幡町,False,1.0,13.0,0208shiryou.pdf,
20240208,uchinada,内灘町,False,2.0,67.0,0208shiryou.pdf,390.0
20240208,wajima,輪島市,True,78.0,2352.0,0208shiryou.pdf,1100.0
20240213,anamizu,穴水町,True,26.0,821.0,0213siryou.pdf,30.0
20240213,hakui,羽咋市,False,1.0,30.0,0213siryou.pdf,
20240213,hakusan,白山市,False,0.0,0.0,0213siryou.pdf,
20240213,hodatsushimizu,宝達志水町,False,0.0,0.0,0213siryou.pdf,
20240213,kaga,加賀市,False,0.0,0.0,0213siryou.pdf,
20240213,kahoku,かほく市,False,1.0,8.0,0213siryou.pdf,
20240213,kanazawa,金沢市,False,2.0,6.0,0213siryou.pdf,
20240213,kawakita,川北町,False,0.0,0.0,0213siryou.pdf,
20240213,komatsu,小松市,False,0.0,0.0,0213siryou.pdf,
20240213,nakanoto,中能登町,True,1.0,30.0,0213siryou.pdf,
20240213,nanao,七尾市,True,35.0,922.0,0213siryou.pdf,10.0
20240213,nomi,能美市,False,0.0,0.0,0213siryou.pdf,
20240213,nonoichi,野々市市,False,0.0,0.0,0213siryou.pdf,
20240213,noto_cho,能登町,True,44.0,764.0,0213siryou.pdf,3900.0
20240213,shika,志賀町,True,23.0,626.0,0213siryou.pdf,1370.0
20240213,suzu,珠洲市,True,44.0,1305.0,0213siryou.pdf,4800.0
20240213,tsubata,津幡町,False,1.0,13.0,0213siryou.pdf,
20240213,uchinada,内灘町,False,2.0,62.0,0213siryou.pdf,230.0
20240213,wajima,輪島市,True,79.0,2347.0,0213siryou.pdf,910.0
20240216,anamizu,穴水町,True,26.0,680.0,0216_shiryou.pdf,30.0
20240216,hakui,羽咋市,False,1.0,30.0,0216_shiryou.pdf,
20240216,hakusan,白山市,False,0.0,0.0,0216_shiryou.pdf,
20240216,hodatsushimizu,宝達志水町,False,0.0,0.0,0216_shiryou.pdf,
20240216,kaga,加賀市,False,0.0,0.0,0216_shiryou.pdf,
20240216,kahoku,かほく市,False,1.0,8.0,0216_shiryou.pdf,
20240216,kanazawa,金沢市,False,1.0,0.0,0216_shiryou.pdf,
20240216,kawakita,川北町,False,0.0,0.0,0216_shiryou.pdf,
20240216,komatsu,小松市,False,0.0,0.0,0216_shiryou.pdf,
20240216,nakanoto,中能登町,True,1.0,28.0,0216_shiryou.pdf,
20240216,nanao,七尾市,True,35.0,893.0,0216_shiryou.pdf,10.0
20240216,nomi,能美市,False,0.0,0.0,0216_shiryou.pdf,
20240216,nonoichi,野々市市,False,0.0,0.0,0216_shiryou.pdf,
20240216,noto_cho,能登町,True,41.0,745.0,0216_shiryou.pdf,1100.0
20240216,shika,志賀町,True,21.0,582.0,0216_shiryou.pdf,1080.0
20240216,suzu,珠洲市,True,45.0,1305.0,0216_shiryou.pdf,4800.0
20240216,tsubata,津幡町,False,1.0,12.0,0216_shiryou.pdf,
20240216,uchinada,内灘町,False,2.0,60.0,0216_shiryou.pdf,230.0
20240216,wajima,輪島市,True,79.0,2275.0,0216_shiryou.pdf,760.0
20240220,anamizu,穴水町,True,24.0,660.0,0220_shiryou.pdf,40.0
20240220,hakui,羽咋市,False,1.0,27.0,0220_shiryou.pdf,
20240220,hakusan,白山市,False,0.0,0.0,0220_shiryou.pdf,
20240220,hodatsushimizu,宝達志水町,False,0.0,0.0,0220_shiryou.pdf,
20240220,kaga,加賀市,False,0.0,0.0,0220_shiryou.pdf,
20240220,kahoku,かほく市,False,1.0,9.0,0220_shiryou.pdf,
20240220,kanazawa,金沢市,False,1.0,0.0,0220_shiryou.pdf,
20240220,kawakita,川北町,False,0.0,0.0,0220_shiryou.pdf,
20240220,komatsu,小松市,False,0.0,0.0,0220_shiryou.pdf,
20240220,nakanoto,中能登町,True,1.0,27.0,0220_shiryou.pdf,
20240220,nanao,七尾市,True,35.0,837.0,0220_shiryou.pdf,10.0
20240220,nomi,能美市,False,0.0,0.0,0220_shiryou.pdf,
20240220,nonoichi,野々市市,False,0.0,0.0,0220_shiryou.pdf,
20240220,noto_cho,能登町,True,41.0,731.0,0220_shiryou.pdf,3170.0
20240220,shika,志賀町,True,20.0,562.0,0220_shiryou.pdf,550.0
20240220,suzu,珠洲市,True,44.0,1257.0,0220_shiryou.pdf,4700.0
20240220,tsubata,津幡町,False,1.0,7.0,0220_shiryou.pdf,
20240220,uchinada,内灘町,False,2.0,58.0,0220_shiryou.pdf,230.0
20240220,wajima,輪島市,True,78.0,2198.0,0220_shiryou.pdf,690.0
20240222,anamizu,穴水町,True,23.0,654.0,0222kaigishiryou.pdf,30.0
20240222,hakui,羽咋市,False,1.0,27.0,0222kaigishiryou.pdf,
20240222,hakusan,白山市,False,0.0,0.0,0222kaigishiryou.pdf,
20240222,hodatsushimizu,宝達志水町,False,0.0,0.0,0222kaigishiryou.pdf,
20240222,kaga,加賀市,False,0.0,0.0,0222kaigishiryou.pdf,
20240222,kahoku,かほく市,False,1.0,9.0,0222kaigishiryou.pdf,
20240222,kanazawa,金沢市,False,1.0,0.0,0222kaigishiryou.pdf,
20240222,kawakita,川北町,False,0.0,0.0,0222kaigishiryou.pdf,
20240222,komatsu,小松市,False,0.0,0.0,0222kaigishiryou.pdf,
20240222,nakanoto,中能登町,True,1.0,27.0,0222kaigishiryou.pdf,
20240222,nanao,七尾市,True,35.0,825.0,0222kaigishiryou.pdf,10.0
20240222,nomi,能美市,False,0.0,0.0,0222kaigishiryou.pdf,
20240222,nonoichi,野々市市,False,0.0,0.0,0222kaigishiryou.pdf,
20240222,noto_cho,能登町,True,41.0,720.0,0222kaigishiryou.pdf,3130.0
20240222,shika,志賀町,True,20.0,560.0,0222kaigishiryou.pdf,500.0
20240222,suzu,珠洲市,True,45.0,1276.0,0222kaigishiryou.pdf,4700.0
20240222,tsubata,津幡町,False,1.0,7.0,0222kaigishiryou.pdf,
20240222,uchinada,内灘町,False,2.0,58.0,0222kaigishiryou.pdf,230.0
20240222,wajima,輪島市,True,63.0,2074.0,0222kaigishiryou.pdf,540.0
20240228,anamizu,穴水町,True,22.0,577.0,40_siryou.pdf,210.0
20240228,hakui,羽咋市,False,1.0,27.0,40_siryou.pdf,
20240228,hakusan,白山市,False,0.0,0.0,40_siryou.pdf,
20240228,hodatsushimizu,宝達志水町,False,0.0,0.0,40_siryou.pdf,
20240228,kaga,加賀市,False,0.0,0.0,40_siryou.pdf,
20240228,kahoku,かほく市,False,1.0,6.0,40_siryou.pdf,
20240228,kanazawa,金沢市,False,1.0,0.0,40_siryou.pdf,
20240228,kawakita,川北町,False,0.0,0.0,40_siryou.pdf,
20240228,komatsu,小松市,False,0.0,0.0,40_siryou.pdf,
20240228,nakanoto,中能登町,True,1.0,23.0,40_siryou.pdf,
20240228,nanao,七尾市,True,31.0,751.0,40_siryou.pdf,20.0
20240228,nomi,能美市,False,0.0,0.0,40_siryou.pdf,
20240228,nonoichi,野々市市,False,0.0,0.0,40_siryou.pdf,
20240228,noto_cho,能登町,True,37.0,671.0,40_siryou.pdf,790.0
20240228,shika,志賀町,True,20.0,510.0,40_siryou.pdf,290.0
20240228,suzu,珠洲市,True,44.0,1254.0,40_siryou.pdf,4650.0
20240228,tsubata,津幡町,False,1.0,7.0,40_siryou.pdf,
20240228,uchinada,内灘町,False,2.0,54.0,40_siryou.pdf,200.0
20240228,wajima,輪島市,True,61.0,1997.0,40_siryou.pdf,570.0
20240305,anamizu,穴水町,True,21.0,367.0,0305siryou.pdf,
20240305,hakui,羽咋市,False,1.0,25.0,0305siryou.pdf,
20240305,hakusan,白山市,False,0.0,0.0,0305siryou.pdf,
20240305,hodatsushimizu,宝達志水町,False,0.0,0.0,0305siryou.pdf,
20240305,kaga,加賀市,False,0.0,0.0,0305siryou.pdf,
20240305,kahoku,かほく市,False,1.0,3.0,0305siryou.pdf,
20240305,kanazawa,金沢市,False,0.0,0.0,0305siryou.pdf,
20240305,kawakita,川北町,False,0.0,0.0,0305siryou.pdf,
20240305,komatsu,小松市,False,0.0,0.0,0305siryou.pdf,
20240305,nakanoto,中能登町,True,1.0,17.0,0305siryou.pdf,
20240305,nanao,七尾市,True,25.0,600.0,0305siryou.pdf,20.0
20240305,nomi,能美市,False,0.0,0.0,0305siryou.pdf,
20240305,nonoichi,野々市市,False,0.0,0.0,0305siryou.pdf,
20240305,noto_cho,能登町,True,30.0,501.0,0305siryou.pdf,650.0
20240305,shika,志賀町,True,17.0,449.0,0305siryou.pdf,
20240305,suzu,珠洲市,True,46.0,1157.0,0305siryou.pdf,4650.0
20240305,tsubata,津幡町,False,1.0,7.0,0305siryou.pdf,
20240305,uchinada,内灘町,False,2.0,51.0,0305siryou.pdf,200.0
20240305,wajima,輪島市,True,55.0,1906.0,0305siryou.pdf,500.0
20240312,anamizu,穴水町,True,17.0,326.0,0312siryou.pdf,
20240312,hakui,羽咋市,False,1.0,20.0,0312siryou.pdf,
20240312,hakusan,白山市,False,0.0,0.0,0312siryou.pdf,
20240312,hodatsushimizu,宝達志水町,False,0.0,0.0,0312siryou.pdf,
20240312,kaga,加賀市,False,0.0,0.0,0312siryou.pdf,
20240312,kahoku,かほく市,False,1.0,3.0,0312siryou.pdf,
20240312,kanazawa,金沢市,False,0.0,0.0,0312siryou.pdf,
20240312,kawakita,川北町,False,0.0,0.0,0312siryou.pdf,
20240312,komatsu,小松市,False,0.0,0.0,0312siryou.pdf,
20240312,nakanoto,中能登町,True,1.0,11.0,0312siryou.pdf,
20240312,nanao,七尾市,True,25.0,543.0,0312siryou.pdf,3000.0
20240312,nomi,能美市,False,0.0,0.0,0312siryou.pdf,
20240312,nonoichi,野々市市,False,0.0,0.0,0312siryou.pdf,
20240312,noto_cho,能登町,True,30.0,469.0,0312siryou.pdf,2590.0
20240312,shika,志賀町,True,13.0,373.0,0312siryou.pdf,
20240312,suzu,珠洲市,True,44.0,1147.0,0312siryou.pdf,4540.0
20240312,tsubata,津幡町,False,1.0,5.0,0312siryou.pdf,
20240312,uchinada,内灘町,False,2.0,47.0,0312siryou.pdf,200.0
20240312,wajima,輪島市,True,53.0,1857.0,0312siryou.pdf,4840.0
20240319,anamizu,穴水町,True,17.0,309.0,0319_shiryou.pdf,
20240319,hakui,羽咋市,False,1.0,19.0,0319_shiryou.pdf,
20240319,hakusan,白山市,False,0.0,0.0,0319_shiryou.pdf,
20240319,hodatsushimizu,宝達志水町,False,0.0,0.0,0319_shiryou.pdf,
20240319,kaga,加賀市,False,0.0,0.0,0319_shiryou.pdf,
20240319,kahoku,かほく市,False,1.0,3.0,0319_shiryou.pdf,
20240319,kanazawa,金沢市,False,0.0,0.0,0319_shiryou.pdf,
20240319,kawakita,川北町,False,0.0,0.0,0319_shiryou.pdf,
20240319,komatsu,小松市,False,0.0,0.0,0319_shiryou.pdf,
20240319,nakanoto,中能登町,True,1.0,8.0,0319_shiryou.pdf,
20240319,nanao,七尾市,True,22.0,462.0,0319_shiryou.pdf,1500.0
20240319,nomi,能美市,False,0.0,0.0,0319_shiryou.pdf,
20240319,nonoichi,野々市市,False,0.0,0.0,0319_shiryou.pdf,
20240319,noto_cho,能登町,True,29.0,441.0,0319_shiryou.pdf,1510.0
20240319,shika,志賀町,True,13.0,365.0,0319_shiryou.pdf,
20240319,suzu,珠洲市,True,42.0,1080.0,0319_shiryou.pdf,4430.0
20240319,tsubata,津幡町,False,1.0,2.0,0319_shiryou.pdf,
20240319,uchinada,内灘町,False,2.0,47.0,0319_shiryou.pdf,150.0
20240319,wajima,輪島市,True,53.0,1827.0,0319_shiryou.pdf,3870.0
20240326,anamizu,穴水町,True,17.0,281.0,0326_siryou_2.pdf,
20240326,hakui,羽咋市,False,1.0,15.0,0326_siryou_2.pdf,
20240326,hakusan,白山市,False,0.0,0.0,0326_siryou_2.pdf,
20240326,hodatsushimizu,宝達志水町,False,0.0,0.0,0326_siryou_2.pdf,
20240326,kaga,加賀市,False,0.0,0.0,0326_siryou_2.pdf,
20240326,kahoku,かほく市,False,1.0,3.0,0326_siryou_2.pdf,
20240326,kanazawa,金沢市,False,0.0,0.0,0326_siryou_2.pdf,
20240326,kawakita,川北町,False,0.0,0.0,0326_siryou_2.pdf,
20240326,komatsu,小松市,False,0.0,0.0,0326_siryou_2.pdf,
20240326,nakanoto,中能登町,True,1.0,1.0,0326_siryou_2.pdf,
20240326,nanao,七尾市,True,18.0,396.0,0326_siryou_2.pdf,270.0
20240326,nomi,能美市,False,0.0,0.0,0326_siryou_2.pdf,
20240326,nonoichi,野々市市,False,0.0,0.0,0326_siryou_2.pdf,
20240326,noto_cho,能登町,True,28.0,376.0,0326_siryou_2.pdf,980.0
20240326,shika,志賀町,True,12.0,346.0,0326_siryou_2.pdf,
20240326,suzu,珠洲市,True,39.0,1063.0,0326_siryou_2.pdf,4400.0
20240326,tsubata,津幡町,False,1.0,2.0,0326_siryou_2.pdf,
20240326,uchinada,内灘町,False,2.0,47.0,0326_siryou_2.pdf,70.0
20240326,wajima,輪島市,True,53.0,1735.0,0326_siryou_2.pdf,3050.0
20240402,anamizu,穴水町,True,15.0,266.0,0402siryou.pdf,
20240402,hakui,羽咋市,False,1.0,10.0,0402siryou.pdf,
20240402,hakusan,白山市,False,0.0,0.0,0402siryou.pdf,
20240402,hodatsushimizu,宝達志水町,False,0.0,0.0,0402siryou.pdf,
20240402,kaga,加賀市,False,0.0,0.0,0402siryou.pdf,
20240402,kahoku,かほく市,False,1.0,1.0,0402siryou.pdf,
20240402,kanazawa,金沢市,False,0.0,0.0,0402siryou.pdf,
20240402,kawakita,川北町,False,0.0,0.0,0402siryou.pdf,
20240402,komatsu,小松市,False,0.0,0.0,0402siryou.pdf,
20240402,nakanoto,中能登町,True,0.0,0.0,0402siryou.pdf,
20240402,nanao,七尾市,True,9.0,291.0,0402siryou.pdf,
20240402,nomi,能美市,False,0.0,0.0,0402siryou.pdf,
20240402,nonoichi,野々市市,False,0.0,0.0,0402siryou.pdf,
20240402,noto_cho,能登町,True,23.0,293.0,0402siryou.pdf,580.0
20240402,shika,志賀町,True,11.0,308.0,0402siryou.pdf,
20240402,suzu,珠洲市,True,35.0,991.0,0402siryou.pdf,4250.0
20240402,tsubata,津幡町,False,1.0,2.0,0402siryou.pdf,
20240402,uchinada,内灘町,False,2.0,47.0,0402siryou.pdf,70.0
20240402,wajima,輪島市,True,50.0,1531.0,0402siryou.pdf,1780.0
20240409,anamizu,穴水町,True,15.0,250.0,0409siryou2.pdf,
20240409,hakui,羽咋市,False,1.0,8.0,0409siryou2.pdf,
20240409,hakusan,白山市,False,0.0,0.0,0409siryou2.pdf,
20240409,hodatsushimizu,宝達志水町,False,0.0,0.0,0409siryou2.pdf,
20240409,kaga,加賀市,False,0.0,0.0,0409siryou2.pdf,
20240409,kahoku,かほく市,False,0.0,0.0,0409siryou2.pdf,
20240409,kanazawa,金沢市,False,0.0,0.0,0409siryou2.pdf,
20240409,kawakita,川北町,False,0.0,0.0,0409siryou2.pdf,
20240409,komatsu,小松市,False,0.0,0.0,0409siryou2.pdf,
20240409,nakanoto,中能登町,True,0.0,0.0,0409siryou2.pdf,
20240409,nanao,七尾市,True,8.0,257.0,0409siryou2.pdf,
20240409,nomi,能美市,False,0.0,0.0,0409siryou2.pdf,
20240409,nonoichi,野々市市,False,0.0,0.0,0409siryou2.pdf,
20240409,noto_cho,能登町,True,20.0,257.0,0409siryou2.pdf,420.0
20240409,shika,志賀町,True,11.0,288.0,0409siryou2.pdf,
20240409,suzu,珠洲市,True,35.0,894.0,0409siryou2.pdf,4000.0
20240409,tsubata,津幡町,False,1.0,2.0,0409siryou2.pdf,
20240409,uchinada,内灘町,False,2.0,31.0,0409siryou2.pdf,70.0
20240409,wajima,輪島市,True,49.0,1364.0,0409siryou2.pdf,1660.0
20240416,anamizu,穴水町,True,15.0,241.0,0416siryou.pdf,
20240416,hakui,羽咋市,False,1.0,5.0,0416siryou.pdf,
20240416,hakusan,白山市,False,0.0,0.0,0416siryou.pdf,
20240416,hodatsushimizu,宝達志水町,False,0.0,0.0,0416siryou.pdf,
20240416,kaga,加賀市,False,0.0,0.0,0416siryou.pdf,
20240416,kahoku,かほく市,False,0.0,0.0,0416siryou.pdf,
20240416,kanazawa,金沢市,False,0.0,0.0,0416siryou.pdf,
20240416,kawakita,川北町,False,0.0,0.0,0416siryou.pdf,
20240416,komatsu,小松市,False,0.0,0.0,0416siryou.pdf,
20240416,nakanoto,中能登町,True,0.0,0.0,0416siryou.pdf,
20240416,nanao,七尾市,True,9.0,247.0,0416siryou.pdf,
20240416,nomi,能美市,False,0.0,0.0,0416siryou.pdf,
20240416,nonoichi,野々市市,False,0.0,0.0,0416siryou.pdf,
20240416,noto_cho,能登町,True,19.0,223.0,0416siryou.pdf,370.0
20240416,shika,志賀町,True,11.0,233.0,0416siryou.pdf,
20240416,suzu,珠洲市,True,33.0,707.0,0416siryou.pdf,3310.0
20240416,tsubata,津幡町,False,1.0,1.0,0416siryou.pdf,
20240416,uchinada,内灘町,False,2.0,14.0,0416siryou.pdf,70.0
20240416,wajima,輪島市,True,49.0,1224.0,0416siryou.pdf,1490.0
20240423,anamizu,穴水町,True,14.0,200.0,0423siryou2.pdf,
20240423,hakui,羽咋市,False,1.0,5.0,0423siryou2.pdf,
20240423,hakusan,白山市,False,0.0,0.0,0423siryou2.pdf,
20240423,hodatsushimizu,宝達志水町,False,0.0,0.0,0423siryou2.pdf,
20240423,kaga,加賀市,False,0.0,0.0,0423siryou2.pdf,
20240423,kahoku,かほく市,False,0.0,0.0,0423siryou2.pdf,
20240423,kanazawa,金沢市,False,0.0,0.0,0423siryou2.pdf,
20240423,kawakita,川北町,False,0.0,0.0,0423siryou2.pdf,
20240423,komatsu,小松市,False,0.0,0.0,0423siryou2.pdf,
20240423,nakanoto,中能登町,True,0.0,0.0,0423siryou2.pdf,
20240423,nanao,七尾市,True,9.0,226.0,0423siryou2.pdf,
20240423,nomi,能美市,False,0.0,0.0,0423siryou2.pdf,
20240423,nonoichi,野々市市,False,0.0,0.0,0423siryou2.pdf,
20240423,noto_cho,能登町,True,15.0,172.0,0423siryou2.pdf,210.0
20240423,shika,志賀町,True,10.0,221.0,0423siryou2.pdf,
20240423,suzu,珠洲市,True,33.0,636.0,0423siryou2.pdf,2830.0
20240423,tsubata,津幡町,False,0.0,0.0,0423siryou2.pdf,
20240423,uchinada,内灘町,False,2.0,8.0,0423siryou2.pdf,
20240423,wajima,輪島市,True,47.0,1163.0,0423siryou2.pdf,1420.0
20240508,anamizu,穴水町,True,10.0,84.0,0508siryou.pdf,
20240508,hakui,羽咋市,False,1.0,5.0,0508siryou.pdf,
20240508,hakusan,白山市,False,0.0,0.0,0508siryou.pdf,
20240508,hodatsushimizu,宝達志水町,False,0.0,0.0,0508siryou.pdf,
20240508,kaga,加賀市,False,0.0,0.0,0508siryou.pdf,
20240508,kahoku,かほく市,False,0.0,0.0,0508siryou.pdf,
20240508,kanazawa,金沢市,False,0.0,0.0,0508siryou.pdf,
20240508,kawakita,川北町,False,0.0,0.0,0508siryou.pdf,
20240508,komatsu,小松市,False,0.0,0.0,0508siryou.pdf,
20240508,nakanoto,中能登町,True,0.0,0.0,0508siryou.pdf,
20240508,nanao,七尾市,True,7.0,167.0,0508siryou.pdf,
20240508,nomi,能美市,False,0.0,0.0,0508siryou.pdf,
20240508,nonoichi,野々市市,False,0.0,0.0,0508siryou.pdf,
20240508,noto_cho,能登町,True,13.0,148.0,0508siryou.pdf,
20240508,shika,志賀町,True,7.0,172.0,0508siryou.pdf,
20240508,suzu,珠洲市,True,33.0,551.0,0508siryou.pdf,1940.0
20240508,tsubata,津幡町,False,0.0,0.0,0508siryou.pdf,
20240508,uchinada,内灘町,False,1.0,1.0,0508siryou.pdf,
20240508,wajima,輪島市,True,45.0,1023.0,0508siryou.pdf,1170.0
20240521,anamizu,穴水町,True,7.0,62.0,0521shiryo.pdf,
20240521,hakui,羽咋市,False,1.0,5.0,0521shiryo.pdf,
20240521,hakusan,白山市,False,0.0,0.0,0521shiryo.pdf,
20240521,hodatsushimizu,宝達志水町,False,0.0,0.0,0521shiryo.pdf,
20240521,kaga,加賀市,False,0.0,0.0,0521shiryo.pdf,
20240521,kahoku,かほく市,False,0.0,0.0,0521shiryo.pdf,
20240521,kanazawa,金沢市,False,0.0,0.0,0521shiryo.pdf,
20240521,kawakita,川北町,False,0.0,0.0,0521shiryo.pdf,
20240521,komatsu,小松市,False,0.0,0.0,0521shiryo.pdf,
20240521,nakanoto,中能登町,True,0.0,0.0,0521shiryo.pdf,
20240521,nanao,七尾市,True,6.0,151.0,0521shiryo.pdf,
20240521,nomi,能美市,False,0.0,0.0,0521shiryo.pdf,
20240521,nonoichi,野々市市,False,0.0,0.0,0521shiryo.pdf,
20240521,noto_cho,能登町,True,12.0,125.0,0521shiryo.pdf,
20240521,shika,志賀町,True,5.0,148.0,0521shiryo.pdf,
20240521,suzu,珠洲市,True,30.0,466.0,0521shiryo.pdf,1290.0
20240521,tsubata,津幡町,False,0.0,0.0,0521shiryo.pdf,
20240521,uchinada,内灘町,False,0.0,0.0,0521shiryo.pdf,
20240521,wajima,輪島市,True,44.0,844.0,0521shiryo.pdf,880.0
20240618,anamizu,穴水町,True,4.0,26.0,0618siryou.pdf,
20240618,hakui,羽咋市,False,0.0,0.0,0618siryou.pdf,
20240618,hakusan,白山市,False,0.0,0.0,0618siryou.pdf,
20240618,hodatsushimizu,宝達志水町,False,0.0,0.0,0618siryou.pdf,
20240618,kaga,加賀市,False,0.0,0.0,0618siryou.pdf,
20240618,kahoku,かほく市,False,0.0,0.0,0618siryou.pdf,
20240618,kanazawa,金沢市,False,0.0,0.0,0618siryou.pdf,
20240618,kawakita,川北町,False,0.0,0.0,0618siryou.pdf,
20240618,komatsu,小松市,False,0.0,0.0,0618siryou.pdf,
20240618,nakanoto,中能登町,True,0.0,0.0,0618siryou.pdf,
20240618,nanao,七尾市,True,3.0,55.0,0618siryou.pdf,
20240618,nomi,能美市,False,0.0,0.0,0618siryou.pdf,
20240618,nonoichi,野々市市,False,0.0,0.0,0618siryou.pdf,
20240618,noto_cho,能登町,True,3.0,49.0,0618siryou.pdf,
20240618,shika,志賀町,True,5.0,123.0,0618siryou.pdf,
20240618,suzu,珠洲市,True,25.0,372.0,0618siryou.pdf,
20240618,tsubata,津幡町,False,0.0,0.0,0618siryou.pdf,
20240618,uchinada,内灘町,False,0.0,0.0,0618siryou.pdf,
20240618,wajima,輪島市,True,22.0,441.0,0618siryou.pdf,
20240718,anamizu,穴水町,True,3.0,22.0,0718siryou.pdf,
20240718,hakui,羽咋市,False,0.0,0.0,0718siryou.pdf,
20240718,hakusan,白山市,False,0.0,0.0,0718siryou.pdf,
20240718,hodatsushimizu,宝達志水町,False,0.0,0.0,0718siryou.pdf,
20240718,kaga,加賀市,False,0.0,0.0,0718siryou.pdf,
20240718,kahoku,かほく市,False,0.0,0.0,0718siryou.pdf,
20240718,kanazawa,金沢市,False,0.0,0.0,0718siryou.pdf,
20240718,kawakita,川北町,False,0.0,0.0,0718siryou.pdf,
20240718,komatsu,小松市,False,0.0,0.0,0718siryou.pdf,
20240718,nakanoto,中能登町,True,0.0,0.0,0718siryou.pdf,
20240718,nanao,七尾市,True,3.0,50.0,0718siryou.pdf,
20240718,nomi,能美市,False,0.0,0.0,0718siryou.pdf,
20240718,nonoichi,野々市市,False,0.0,0.0,0718siryou.pdf,
20240718,noto_cho,能登町,True,2.0,33.0,0718siryou.pdf,
20240718,shika,志賀町,True,5.0,118.0,0718siryou.pdf,
20240718,suzu,珠洲市,True,22.0,292.0,0718siryou.pdf,
20240718,tsubata,津幡町,False,0.0,0.0,0718siryou.pdf,
20240718,uchinada,内灘町,False,0.0,0.0,0718siryou.pdf,
20240718,wajima,輪島市,True,19.0,247.0,0718siryou.pdf,427.0
20240821,anamizu,穴水町,True,0.0,0.0,0821siryou2.pdf,
20240821,hakui,羽咋市,False,0.0,0.0,0821siryou2.pdf,
20240821,hakusan,白山市,False,0.0,0.0,0821siryou2.pdf,
20240821,hodatsushimizu,宝達志水町,False,0.0,0.0,0821siryou2.pdf,
20240821,kaga,加賀市,False,0.0,0.0,0821siryou2.pdf,
20240821,kahoku,かほく市,False,0.0,0.0,0821siryou2.pdf,
20240821,kanazawa,金沢市,False,0.0,0.0,0821siryou2.pdf,
20240821,kawakita,川北町,False,0.0,0.0,0821siryou2.pdf,
20240821,komatsu,小松市,False,0.0,0.0,0821siryou2.pdf,
20240821,nakanoto,中能登町,True,0.0,0.0,0821siryou2.pdf,
20240821,nanao,七尾市,True,1.0,40.0,0821siryou2.pdf,
20240821,nomi,能美市,False,0.0,0.0,0821siryou2.pdf,
20240821,nonoichi,野々市市,False,0.0,0.0,0821siryou2.pdf,
20240821,noto_cho,能登町,True,1.0,5.0,0821siryou2.pdf,
20240821,shika,志賀町,True,4.0,59.0,0821siryou2.pdf,
20240821,suzu,珠洲市,True,16.0,210.0,0821siryou2.pdf,
20240821,tsubata,津幡町,False,0.0,0.0,0821siryou2.pdf,
20240821,uchinada,内灘町,False,0.0,0.0,0821siryou2.pdf,
20240821,wajima,輪島市,True,13.0,141.0,0821siryou2.pdf,312.0
