window,arm_a,arm_b,component,mean_diff,ci_lo,ci_hi,reps
may_jun,linear,final,combined,0.0160479921068402,0.0129130740706201,0.0193360138819234,4000
may_jun,linear,final,diag,0.0166802885319921,0.0141540125649803,0.0191438952601489,4000
may_jun,linear,final,offdiag,0.0154156956816884,0.0103355428468369,0.020947075287496,4000
late_jan,linear,final,combined,0.0194909407567838,0.0077106293195854,0.0328927987442841,4000
late_jan,linear,final,diag,0.0173220931024658,0.0066529369811375,0.0268480623783246,4000
late_jan,linear,final,offdiag,0.0216597884111017,0.0063177804802488,0.0422055569739656,4000
april,linear,final,combined,0.0244592103911484,0.0184000268396408,0.0307820354327857,4000
april,linear,final,diag,0.0304019761741681,0.0221754027965301,0.0388506771367097,4000
april,linear,final,offdiag,0.0185164446081287,0.0122275674331108,0.0254687447984939,4000
roll_0429,linear,final,combined,0.0155723893681121,0.0125153347477597,0.0188842262777935,4000
roll_0429,linear,final,diag,0.0176357251635184,0.0150672931796897,0.0201660607388873,4000
roll_0429,linear,final,offdiag,0.0135090535727057,0.0083705307415427,0.0193317431630554,4000
roll_0513,linear,final,combined,0.0156881597736675,0.0132801656730233,0.0182326135271985,4000
roll_0513,linear,final,diag,0.0149379512546673,0.0121758791707151,0.0177742440109648,4000
roll_0513,linear,final,offdiag,0.0164383682926677,0.0119971193371861,0.0212025070508092,4000
roll_0527,linear,final,combined,0.0148222609456814,0.0123581228564053,0.0173352957372208,4000
roll_0527,linear,final,diag,0.0138722133746783,0.0113181313587036,0.0163758682394111,4000
roll_0527,linear,final,offdiag,0.0157723085166844,0.0117716877864913,0.0202281457110625,4000
roll_0610,linear,final,combined,0.014409684583142,0.0115804375745927,0.0175756905262332,4000
roll_0610,linear,final,diag,0.0131920791724606,0.0107228191163056,0.0157370473592767,4000
roll_0610,linear,final,offdiag,0.0156272899938235,0.0113588907834731,0.0206832415093393,4000
roll_0624,linear,final,combined,0.0142708221913061,0.0108268155456351,0.0179235757537013,4000
roll_0624,linear,final,diag,0.0114443034197523,0.0082344877168699,0.0144355086575649,4000
roll_0624,linear,final,offdiag,0.0170973409628599,0.0125499989883955,0.0220960134389744,4000
roll_0708,linear,final,combined,0.0157836881439067,0.0118475497263025,0.0200679294231964,4000
roll_0708,linear,final,diag,0.014705161792202,0.0109663367751552,0.0185739236308082,4000
roll_0708,linear,final,offdiag,0.0168622144956113,0.0120470761622343,0.0220363287743706,4000
roll_0722,linear,final,combined,0.0123835422007138,0.0085666730284865,0.0165447417267224,4000
roll_0722,linear,final,diag,0.010076861912216,0.0067604994688175,0.0132737620513389,4000
roll_0722,linear,final,offdiag,0.0146902224892115,0.0092215172523579,0.0208347368044622,4000
roll_0805,linear,final,combined,0.0140565586405397,0.01129267728582,0.0171057768440485,4000
roll_0805,linear,final,diag,0.0116367004619739,0.0089637658873234,0.014427238711416,4000
roll_0805,linear,final,offdiag,0.0164764168191054,0.0126053120243282,0.0208725131775509,4000
roll_0819,linear,final,combined,0.0157344969179528,0.0132700603936433,0.0181937834696656,4000
roll_0819,linear,final,diag,0.0130972817258535,0.0103952584166147,0.015766458802666,4000
roll_0819,linear,final,offdiag,0.0183717121100522,0.0153638638718133,0.0213557238946343,4000
shift_0422,linear,final,combined,0.0139492017668225,0.0105837064465025,0.0177702827817936,4000
shift_0422,linear,final,diag,0.0151392226065762,0.0124846890018442,0.0178221507045292,4000
shift_0422,linear,final,offdiag,0.0127591809270687,0.0079183941942615,0.0182885775627663,4000
shift_0506,linear,final,combined,0.0142492575197854,0.0117153530296851,0.0168326016772494,4000
shift_0506,linear,final,diag,0.0127034153291397,0.0092876639867903,0.0161178402669588,4000
shift_0506,linear,final,offdiag,0.0157950997104312,0.0117621481903462,0.0202007847713825,4000
shift_0520,linear,final,combined,0.0149429680771572,0.0123196175807861,0.0177942881009986,4000
shift_0520,linear,final,diag,0.013619349623219,0.0107938640815629,0.0163321378783345,4000
shift_0520,linear,final,offdiag,0.0162665865310954,0.011908307053575,0.0210879395102799,4000
shift_0603,linear,final,combined,0.0159206144887268,0.0137570421600129,0.0181948566328465,4000
shift_0603,linear,final,diag,0.0149089574224999,0.0123363103484364,0.0174113113256414,4000
shift_0603,linear,final,offdiag,0.0169322715549538,0.0136139633036436,0.0205590706282309,4000
shift_0617,linear,final,combined,0.0158731899759092,0.0124827930474106,0.0195407085047879,4000
shift_0617,linear,final,diag,0.0134854892562952,0.0105828765334419,0.0164951792858229,4000
shift_0617,linear,final,offdiag,0.0182608906955232,0.0135262257069638,0.0234883543878489,4000
shift_0701,linear,final,combined,0.0143413739416458,0.0101527902152819,0.0186509319361155,4000
shift_0701,linear,final,diag,0.0120805924973553,0.0085048285029246,0.0156115612207683,4000
shift_0701,linear,final,offdiag,0.0166021553859363,0.0112841205049709,0.0225465799371442,4000
shift_0715,linear,final,combined,0.0156333779771903,0.0112985832379911,0.020377809624319,4000
shift_0715,linear,final,diag,0.0164423789474311,0.0126058566936414,0.0203373155314617,4000
shift_0715,linear,final,offdiag,0.0148243770069494,0.0091793479752581,0.021136796187926,4000
shift_0729,linear,final,combined,0.0130577585184032,0.0093242553223666,0.0172497866162663,4000
shift_0729,linear,final,diag,0.0109912389469419,0.0078595293619794,0.0141409960041421,4000
shift_0729,linear,final,offdiag,0.0151242780898646,0.0096341664493174,0.0213143857164332,4000
shift_0812,linear,final,combined,0.0130691636531644,0.0102435634772806,0.0157597871823528,4000
shift_0812,linear,final,diag,0.0111282895553623,0.0082263709635481,0.0139107797913945,4000
shift_0812,linear,final,offdiag,0.0150100377509665,0.0116259717650101,0.0184409355479608,4000
may_jun,btmf,final,combined,0.0199910259068483,0.0153258513959587,0.0248977876775025,4000
may_jun,btmf,final,diag,0.0211631182889124,0.0167739238694277,0.0258086860100757,4000
may_jun,btmf,final,offdiag,0.0188189335247841,0.0129271297800198,0.0253163955163831,4000
late_jan,btmf,final,combined,0.040147487885833,0.032180444594875,0.050512917704635,4000
late_jan,btmf,final,diag,0.0439447190434785,0.0351338941390995,0.0534477646275944,4000
late_jan,btmf,final,offdiag,0.0363502567281875,0.0231264380356579,0.0521746933136542,4000
april,btmf,final,combined,0.0195445964100687,0.0120504467996386,0.0282095705475894,4000
april,btmf,final,diag,0.0216953761784111,0.0134777143924037,0.0311481350152429,4000
april,btmf,final,offdiag,0.0173938166417263,0.0098417166972824,0.0265284325261415,4000
roll_0429,btmf,final,combined,0.0294715806041666,0.0224790789064635,0.0372284085719415,4000
roll_0429,btmf,final,diag,0.0399127674921551,0.0321553956235422,0.0482262123445993,4000
roll_0429,btmf,final,offdiag,0.0190303937161782,0.0112494304283408,0.0280038275616671,4000
roll_0513,btmf,final,combined,0.0159971052423618,0.0119221700697409,0.0202441232816536,4000
roll_0513,btmf,final,diag,0.0160484144316721,0.0125844907016142,0.0197756634310151,4000
roll_0513,btmf,final,offdiag,0.0159457960530514,0.0102184529730926,0.0222494043605907,4000
roll_0527,btmf,final,combined,0.0165866323908305,0.012449626892262,0.0211513447387453,4000
roll_0527,btmf,final,diag,0.0183212915841817,0.014375306666823,0.0223211770062741,4000
roll_0527,btmf,final,offdiag,0.0148519731974793,0.0091276074080647,0.0212434858292649,4000
roll_0610,btmf,final,combined,0.0192968751448987,0.014672670278401,0.0240826495556007,4000
roll_0610,btmf,final,diag,0.023095072280588,0.0186689237142906,0.0275562237114293,4000
roll_0610,btmf,final,offdiag,0.0154986780092094,0.0090869157378323,0.0224497553352454,4000
roll_0624,btmf,final,combined,0.0209749532633757,0.0154921249415314,0.0269198884448633,4000
roll_0624,btmf,final,diag,0.0211014042287685,0.01635801210044,0.025858016691093,4000
roll_0624,btmf,final,offdiag,0.0208485022979828,0.0136194412424874,0.0289300904954569,4000
roll_0708,btmf,final,combined,0.019269593064377,0.0137888138663464,0.0252221226454767,4000
roll_0708,btmf,final,diag,0.0187650078101287,0.0140969275032702,0.0236806421301086,4000
roll_0708,btmf,final,offdiag,0.0197741783186254,0.0121799804118476,0.0278424238645759,4000
roll_0722,btmf,final,combined,0.0201981439618899,0.0143512729417941,0.0266042951171246,4000
roll_0722,btmf,final,diag,0.0157410766658352,0.0110000515813641,0.0208214050797864,4000
roll_0722,btmf,final,offdiag,0.0246552112579447,0.0162653561008155,0.0338652286751622,4000
roll_0805,btmf,final,combined,0.0182634210208118,0.0136333351814864,0.0233724476268172,4000
roll_0805,btmf,final,diag,0.0153600308030893,0.0115682571577274,0.0191704604444329,4000
roll_0805,btmf,final,offdiag,0.0211668112385343,0.0139095705991748,0.0289482903830444,4000
roll_0819,btmf,final,combined,0.015829447498937,0.0114824871972686,0.020636655412443,4000
roll_0819,btmf,final,diag,0.0125892140471163,0.008869965422117,0.0165002347857201,4000
roll_0819,btmf,final,offdiag,0.0190696809507577,0.0116683512553029,0.0273825017865052,4000
shift_0422,btmf,final,combined,0.0204047844752132,0.0172819705519411,0.0236126390575661,4000
shift_0422,btmf,final,diag,0.0268657344002737,0.0224605065014656,0.031221129309629,4000
shift_0422,btmf,final,offdiag,0.0139438345501528,0.0101257398255684,0.0179441456072692,4000
shift_0506,btmf,final,combined,0.0211154391593077,0.0139244773804105,0.0290223009036887,4000
shift_0506,btmf,final,diag,0.0238059003394291,0.0161017270359649,0.0321556057356734,4000
shift_0506,btmf,final,offdiag,0.0184249779791864,0.010251352286098,0.0281262630219474,4000
shift_0520,btmf,final,combined,0.0150747874989394,0.0109907247730691,0.0191796904413807,4000
shift_0520,btmf,final,diag,0.0146347981746662,0.0110005111861564,0.0184064785438765,4000
shift_0520,btmf,final,offdiag,0.0155147768232127,0.0099991051818134,0.0214575418650902,4000
shift_0603,btmf,final,combined,0.0203551327919603,0.0145562083438406,0.026844326751558,4000
shift_0603,btmf,final,diag,0.0230003314246506,0.0179692137791774,0.0282893837140841,4000
shift_0603,btmf,final,offdiag,0.0177099341592699,0.009601486279106,0.0269687217933479,4000
shift_0617,btmf,final,combined,0.019540030652241,0.0144624349854321,0.0252581654208607,4000
shift_0617,btmf,final,diag,0.0209754531622135,0.0165087194477163,0.0256156872928946,4000
shift_0617,btmf,final,offdiag,0.0181046081422686,0.0109836423426334,0.0261284767658014,4000
shift_0701,btmf,final,combined,0.0208368819652452,0.0158521910289537,0.0259783513763485,4000
shift_0701,btmf,final,diag,0.0212779557653254,0.0167085261035462,0.025650223102015,4000
shift_0701,btmf,final,offdiag,0.020395808165165,0.0138375879536635,0.0275082461826872,4000
shift_0715,btmf,final,combined,0.0207848178388778,0.0148578629225002,0.0272050172631427,4000
shift_0715,btmf,final,diag,0.0185617938238618,0.0132855662523831,0.0238883962754449,4000
shift_0715,btmf,final,offdiag,0.0230078418538938,0.0149881276486312,0.0317764283252089,4000
shift_0729,btmf,final,combined,0.0206111198058605,0.014910049479277,0.0267437233574582,4000
shift_0729,btmf,final,diag,0.0183497795559346,0.0138850423496374,0.0229218533870105,4000
shift_0729,btmf,final,offdiag,0.0228724600557864,0.0146978325396823,0.0318989043053673,4000
shift_0812,btmf,final,combined,0.0215861399163715,0.0162146146908393,0.0276306938143608,4000
shift_0812,btmf,final,diag,0.0168623219776449,0.0125290427330818,0.0215459189637281,4000
shift_0812,btmf,final,offdiag,0.0263099578550982,0.0183109489759215,0.0351226775427233,4000
may_jun,trmf,final,combined,0.6719512645767469,0.6194872458612725,0.7197729609384652,4000
may_jun,trmf,final,diag,0.7844959589969221,0.7246660714636664,0.838096421352761,4000
may_jun,trmf,final,offdiag,0.5594065701565718,0.5129711186019538,0.6015942574240042,4000
late_jan,trmf,final,combined,0.4498069622002797,0.343918123652993,0.5561013633555187,4000
late_jan,trmf,final,diag,0.5306600836410376,0.4205200104315256,0.6331744407176811,4000
late_jan,trmf,final,offdiag,0.3689538407595219,0.2575417065845444,0.482355851667366,4000
april,trmf,final,combined,0.6492441021627275,0.5685175128995643,0.7170758518389984,4000
april,trmf,final,diag,0.755870268747515,0.6676189561040524,0.8301929251405737,4000
april,trmf,final,offdiag,0.54261793557794,0.4681532926561182,0.606551271463022,4000
roll_0429,trmf,final,combined,0.6629964808483357,0.6125378571130187,0.7089077520305044,4000
roll_0429,trmf,final,diag,0.7783747935206164,0.7223464622915159,0.8292514029706299,4000
roll_0429,trmf,final,offdiag,0.547618168176055,0.5018363396553938,0.589485580709152,4000
roll_0513,trmf,final,combined,0.6737450575698909,0.623296466887625,0.7202665803947307,4000
roll_0513,trmf,final,diag,0.7850374171179201,0.7285149713408577,0.8375150649465225,4000
roll_0513,trmf,final,offdiag,0.5624526980218615,0.5171504110757971,0.6050129020321703,4000
roll_0527,trmf,final,combined,0.6715442126372521,0.6228176524053672,0.71591713537034,4000
roll_0527,trmf,final,diag,0.7837615971463024,0.7298181233851042,0.8334335251869337,4000
roll_0527,trmf,final,offdiag,0.5593268281282018,0.515365817763115,0.6002960671930592,4000
roll_0610,trmf,final,combined,0.6721658057348143,0.6185786147284045,0.722028844390435,4000
roll_0610,trmf,final,diag,0.7812540657485558,0.7228390916091602,0.8335929539405125,4000
roll_0610,trmf,final,offdiag,0.5630775457210728,0.5120808788127191,0.6106472049624558,4000
roll_0624,trmf,final,combined,0.6505131853208685,0.5988882240972314,0.6982070427109586,4000
roll_0624,trmf,final,diag,0.7609661364863118,0.7040013950546078,0.8126053280754,4000
roll_0624,trmf,final,offdiag,0.5400602341554251,0.4916228731025222,0.5851184630181443,4000
roll_0708,trmf,final,combined,0.6576196188700214,0.6119144359415867,0.6999420461232182,4000
roll_0708,trmf,final,diag,0.7747310052613272,0.7263870449564743,0.8201442278106688,4000
roll_0708,trmf,final,offdiag,0.5405082324787154,0.4959094720085971,0.5816904436990609,4000
roll_0722,trmf,final,combined,0.6419747069666982,0.5919141421930197,0.686613210769831,4000
roll_0722,trmf,final,diag,0.7625029268358353,0.7073747157877709,0.8119985210355237,4000
roll_0722,trmf,final,offdiag,0.521446487097561,0.4758845369629844,0.5615212313979395,4000
roll_0805,trmf,final,combined,0.6349413278180882,0.5870041584980189,0.6797989541455894,4000
roll_0805,trmf,final,diag,0.7636126712788427,0.7094122197181553,0.812747000361465,4000
roll_0805,trmf,final,offdiag,0.5062699843573336,0.463044853477389,0.5479945763048757,4000
roll_0819,trmf,final,combined,0.6394534288544919,0.5896240718730573,0.6841931834325019,4000
roll_0819,trmf,final,diag,0.768820120793247,0.7133442893090812,0.8191506967049739,4000
roll_0819,trmf,final,offdiag,0.5100867369157367,0.4641978068472533,0.5517168519102406,4000
shift_0422,trmf,final,combined,0.6693817409362266,0.6194695135751618,0.7171428024094761,4000
shift_0422,trmf,final,diag,0.7848762923394031,0.7296685617467811,0.8354495636163184,4000
shift_0422,trmf,final,offdiag,0.5538871895330499,0.5063304208986132,0.598972293537423,4000
shift_0506,trmf,final,combined,0.6743392687847507,0.6221339980015519,0.719722930118753,4000
shift_0506,trmf,final,diag,0.7859826985990085,0.7285463667205246,0.8375208861084761,4000
shift_0506,trmf,final,offdiag,0.562695838970493,0.5155285059263663,0.6040751427024924,4000
shift_0520,trmf,final,combined,0.6750016061544939,0.6239146315314136,0.7232675762854406,4000
shift_0520,trmf,final,diag,0.7847029578078506,0.7292379059030932,0.837223705773424,4000
shift_0520,trmf,final,offdiag,0.565300254501137,0.5186144338140111,0.6100089349340065,4000
shift_0603,trmf,final,combined,0.6732086401293305,0.6225511473012114,0.7192503923714683,4000
shift_0603,trmf,final,diag,0.7838779534127247,0.7284695016752609,0.8343815305787189,4000
shift_0603,trmf,final,offdiag,0.5625393268459362,0.5155586354812471,0.6049996439698255,4000
shift_0617,trmf,final,combined,0.6689457200347124,0.6160488885182162,0.7181371021090825,4000
shift_0617,trmf,final,diag,0.7733404521783785,0.7169439105577791,0.8236236862685835,4000
shift_0617,trmf,final,offdiag,0.5645509878910462,0.5134650730101953,0.6128146209458712,4000
shift_0701,trmf,final,combined,0.6522277661592351,0.6034750462532901,0.6972957104140971,4000
shift_0701,trmf,final,diag,0.7652561015773576,0.7119800593636768,0.814441612240928,4000
shift_0701,trmf,final,offdiag,0.5391994307411124,0.4939134565165233,0.5814470201992838,4000
shift_0715,trmf,final,combined,0.6483437995171528,0.5979605003160171,0.6936241220997557,4000
shift_0715,trmf,final,diag,0.7665930958686084,0.7106763185920628,0.8163445992659452,4000
shift_0715,trmf,final,offdiag,0.5300945031656972,0.4841472392554919,0.5717671367657011,4000
shift_0729,trmf,final,combined,0.6243329545781895,0.5789338545279641,0.667551990780994,4000
shift_0729,trmf,final,diag,0.7510327103913198,0.7003001928934283,0.7980065173209858,4000
shift_0729,trmf,final,offdiag,0.4976331987650592,0.4561852322394624,0.5369921955737074,4000
shift_0812,trmf,final,combined,0.6336904484335708,0.5832295850368859,0.6792898881642542,4000
shift_0812,trmf,final,diag,0.7640067723905755,0.7083119883213701,0.8140579498037759,4000
shift_0812,trmf,final,offdiag,0.5033741244765662,0.4557734106204668,0.546868463408203,4000
