window,arm,combined,final_combined,mean_diff,ci_lo,ci_hi,n_window_date_rows,reps
pooled_all,linear,0.22149973120593172,0.2065122779510995,0.014987453254832202,0.013151359000939129,0.016941477757761045,1159,4000
pooled_roll,linear,0.2214612930626253,0.20672024279913626,0.014741050263489064,0.012938357835524399,0.01659389358132382,532,4000
pooled_shift,linear,0.22146357278126835,0.206907096128046,0.014556476653222336,0.012499090565270666,0.016750273263070745,532,4000
pooled_all,btmf,0.22643684114434662,0.2065122779510995,0.019924563193247095,0.016970206592529832,0.02298147436822205,1159,4000
pooled_roll,btmf,0.22626739440469218,0.20672024279913626,0.01954715160555596,0.016566416876097598,0.022775023106208173,532,4000
pooled_shift,btmf,0.2269554822515873,0.206907096128046,0.020048386123541272,0.01696863777114225,0.023386886812447494,532,4000
pooled_all,trmf,0.862611280462724,0.2065122779510995,0.6560990025116246,0.6463996498439637,0.6654404800231332,1159,4000
pooled_roll,trmf,0.8626664004044734,0.20672024279913626,0.6559461576053371,0.6417858169794025,0.6695825382826102,532,4000
pooled_shift,trmf,0.8644462476212232,0.206907096128046,0.6575391514931772,0.6424952385990732,0.672208052344576,532,4000
