window,arm,rank,n_days,combined,nrmse_diag,nrmse_offdiag
may_jun,linear,,60,0.2189583464693009,0.103748601512866,0.3341680914257359
late_jan,linear,,7,0.2249743188707371,0.1100363570986712,0.339912280642803
april,linear,,28,0.2274942435167932,0.1200950960425306,0.3348933909910558
roll_0429,linear,,59,0.2190990317954709,0.1047231152016861,0.3334749483892558
roll_0513,linear,,58,0.2231097269558881,0.112505496999008,0.3337139569127683
roll_0527,linear,,58,0.2242280546610832,0.1130757563028723,0.3353803530192941
roll_0610,linear,,59,0.2251166982343959,0.1107069142804247,0.3395264821883672
roll_0624,linear,,59,0.2242323685639105,0.1114159127658864,0.3370488243619345
roll_0708,linear,,59,0.2222265182278818,0.1127029921866936,0.33175004426907
roll_0722,linear,,60,0.2166333856454021,0.1077889453373816,0.3254778259534226
roll_0805,linear,,60,0.2169293614492888,0.1095876128463292,0.3242711100522484
roll_0819,linear,,60,0.2218041559562164,0.1129479877182742,0.3306603241941585
shift_0422,linear,,58,0.2189634551974648,0.1033321384872192,0.3345947719077105
shift_0506,linear,,59,0.2242899939931986,0.11048157504765,0.3380984129387471
shift_0520,linear,,58,0.2234410042617984,0.1133050130028239,0.3335769955207729
shift_0603,linear,,59,0.2266437987697263,0.1124747419048464,0.3408128556346062
shift_0617,linear,,59,0.2252684780644522,0.1111115190080846,0.3394254371208198
shift_0701,linear,,59,0.2227524562773584,0.1123856391129853,0.3331192734417315
shift_0715,linear,,60,0.2195551324449915,0.1113573660907903,0.3277528987991927
shift_0729,linear,,60,0.216225582313584,0.1081800593257805,0.3242711053013875
shift_0812,linear,,60,0.2162331714383931,0.1091652610640462,0.3233010818127399
may_jun,btmf,10.0,60,0.222901380269309,0.1082314312697863,0.3375713292688316
late_jan,btmf,10.0,7,0.2456308659997864,0.1366589830396839,0.3546027489598888
april,btmf,10.0,28,0.2225796295357134,0.1113884960467736,0.3337707630246533
roll_0429,btmf,10.0,59,0.2329982230315255,0.1270001575303227,0.3389962885327283
roll_0513,btmf,10.0,58,0.2234186724245824,0.1136159601760128,0.3332213846731521
roll_0527,btmf,10.0,58,0.2259924261062323,0.1175248345123757,0.334460017700089
roll_0610,btmf,10.0,59,0.2300038887961526,0.1206099073885521,0.3393978702037531
roll_0624,btmf,10.0,59,0.23093649963598,0.1210730135749026,0.3407999856970574
roll_0708,btmf,10.0,59,0.2257124231483522,0.1167628382046203,0.3346620080920841
roll_0722,btmf,10.0,60,0.2244479874065783,0.1134531600910009,0.3354428147221557
roll_0805,btmf,10.0,60,0.221136223829561,0.1133109431874446,0.3289615044716774
roll_0819,btmf,10.0,60,0.2218991065372005,0.1124399200395371,0.3313582930348639
shift_0422,btmf,10.0,58,0.2254190379058556,0.1150586502809167,0.3357794255307945
shift_0506,btmf,10.0,59,0.2311561756327209,0.1215840600579394,0.3407282912075023
shift_0520,btmf,10.0,58,0.2235728236835806,0.114320461554271,0.3328251858128902
shift_0603,btmf,10.0,59,0.2310783170729597,0.1205661159069971,0.3415905182389224
shift_0617,btmf,10.0,59,0.228935318740784,0.1186014829140029,0.3392691545675652
shift_0701,btmf,10.0,59,0.2292479643009578,0.1215830023809554,0.3369129262209602
shift_0715,btmf,10.0,60,0.224706572306679,0.1134767809672209,0.3359363636461371
shift_0729,btmf,10.0,60,0.2237789436010412,0.1155385999347732,0.3320192872673092
shift_0812,btmf,10.0,60,0.2247501477016002,0.1148992934863288,0.3346010019168716
may_jun,trmf,5.0,60,0.8748616189392077,0.8715642719777961,0.8781589659006193
late_jan,trmf,5.0,7,0.655290340314233,0.6233743476372429,0.6872063329912232
april,trmf,5.0,28,0.8522791352883723,0.8455633886158774,0.858994881960867
roll_0429,trmf,5.0,59,0.8665231232756946,0.8654621835587841,0.867584062992605
roll_0513,trmf,5.0,58,0.8811666247521115,0.8826049628622608,0.8797282866419621
roll_0527,trmf,5.0,58,0.8809500063526539,0.8829651400744964,0.8789348726308114
roll_0610,trmf,5.0,59,0.8828728193860682,0.8787689008565199,0.8869767379156165
roll_0624,trmf,5.0,59,0.8604747316934729,0.860937745832446,0.8600117175544997
roll_0708,trmf,5.0,59,0.8640624489539965,0.8727288356558188,0.8553960622521741
roll_0722,trmf,5.0,60,0.8462245504113866,0.860215010261001,0.8322340905617721
roll_0805,trmf,5.0,60,0.8378141306268373,0.861563583663198,0.8140646775904766
roll_0819,trmf,5.0,60,0.8455230878927553,0.8686708267856678,0.8223753489998429
shift_0422,trmf,5.0,58,0.8743959943668689,0.8730692082200461,0.8757227805136917
shift_0506,trmf,5.0,59,0.8843800052581638,0.8837608583175188,0.884999152198809
shift_0520,trmf,5.0,58,0.883499642339135,0.8843886211874554,0.8826106634908145
shift_0603,trmf,5.0,59,0.8839318244103299,0.8814437378950712,0.8864199109255886
shift_0617,trmf,5.0,59,0.8783410081232553,0.8709664819301679,0.8857155343163428
shift_0701,trmf,5.0,59,0.8606388484949477,0.8655611481929876,0.8557165487969076
shift_0715,trmf,5.0,60,0.852265553984954,0.8615080830119675,0.8430230249579403
shift_0729,trmf,5.0,60,0.8275007783733702,0.8482215307701584,0.806780025976582
shift_0812,trmf,5.0,60,0.8368544562187994,0.8620437438992593,0.8116651685383395
